Product ID,Handle,Title,Classification Rule,Department,Category,Subcategory,Canonical Type,Audience,Confidence,Review Required,Review Reasons,Existing Shopify Tags,Existing Tags Preserved,Proposed SALT Tags,Tags To Remove,Collection Targets,Shopify Category
8066118385763,kids-educational-learning-tablet-toy-for-age-3-early-literacy-math-music-learning-pad-with-electronic-keyboard-birthday-chris,Kids Educational Learning Tablet Toy For Age 3 Early Literacy Math,keyboard,Electronic Accessories,Mouse & Keyboard,Keyboards,Keyboard,kids,73,yes,single-evidence-lane,anime-collectables | classification-review,yes,,,portable-gadgets,Electronics > Computers > Computer Accessories > Keyboards
8066095775843,kid-activity-busy-board-material-diy-accessories-montessori-teaching-aids-baby-busy-board-early-education-learning-skill-toy,Education Learning Skill Toy,educational-toys,Kids,Kids Toys & Games,Educational Toys,Educational Toy,kids,73,yes,single-evidence-lane,anime-collectables | classification-review,yes,,,kids-toys-games,Toys & Games > Toys > Educational Toys
8069097783395,8pcs-multi-functional-stationery-set-for-school-christmas-student-gift-kawaii-writing-supplies-with-notebook-accessories,8pcs Multi Functional Stationery Set For School Christmas Student,notebooks-planners,Office & School Supplies,Office & School Supplies,Notebooks & Planners,Notebook & Planner,unisex,72,yes,single-evidence-lane,anime-collectables | classification-review,yes,,,,Office Supplies > Notebooks & Notepads
8069097750627,7pcs-set-cream-color-cute-stationery-set-for-school-christmas-student-gift-kawaii-writing-supplies-with-notebook-pen-accessories,7pcs Set Cream Color Cute Stationery Set For School Christmas,writing-supplies,Office & School Supplies,Office & School Supplies,Writing Supplies,Writing Supply,unisex,72,yes,single-evidence-lane,anime-collectables | classification-review,yes,,,,Office Supplies > Writing & Drawing Supplies
8068263739491,baby-toys-drum-piano-keys-musical-instrument-kids-toys-rotating-keyboard-with-lights-sound-toddlers-educational-christmas-gifts,Musical Drum And Piano Toy With Lights And Sound For Toddlers,keyboard,Electronic Accessories,Mouse & Keyboard,Keyboards,Keyboard,kids,73,yes,single-evidence-lane,anime-collectables | classification-review,yes,,,portable-gadgets,Electronics > Computers > Computer Accessories > Keyboards
8069097619555,kawaii-stationery-items-back-to-school-supplies-ice-cream-pencil-sharpener-for-child-eraser-rubber-cute-things,Kawaii Stationery Items Back To School Supplies Ice Cream Pencil,writing-supplies,Office & School Supplies,Office & School Supplies,Writing Supplies,Writing Supply,kids,86,yes,Trained knowledge model disagrees with checked-in taxonomy: school-supplies.,anime-collectables | back-to-school | kids | new-arrivals | office-school | office-school-supplies | stationery | writing-supply,yes,,,,Office Supplies > Writing & Drawing Supplies
8066093842531,children-outdoor-fun-and-sports-parent-child-toy-two-player-interactive-toss-and-catch-ball-game-sensory-play-toys-jeux-enfant,Children Outdoor Fun And Sports Parent Child Toy Two Player,toss-catch-games,Kids,Kids Toys & Games,Toss & Catch Games,Toss & Catch Ball Game,kids,77,yes,single-evidence-lane,anime-collectables | classification-review,yes,,,kids-toys-games,Toys & Games > Games
8068260331619,for-realme-buds-air-8-case-buds-air-7-pro-buds-air-3s-cartoon-silicone-earphone-cover-for-realme-buds-air-3s-fundas,Silicone Protective Case For Realme Buds Air 8,realme-earbuds-protective-cases,Electronic Accessories,Covers & Cases,Earbuds Cases,Earbuds Protective Case,unisex,77,yes,single-evidence-lane,anime-collectables | classification-review,yes,,,covers-cases | portable-gadgets,"Electronics > Electronics Accessories > Cases, Covers & Skins"
8068256596067,3d-cute-cartoon-for-realme-buds-air-6-5-pro-wireless-earphone-case-shockproof-anti-scratch-silicone-protective-cover-accessories,Silicone Protective Case For Realme Buds Air 6,realme-earbuds-protective-cases,Electronic Accessories,Covers & Cases,Earbuds Cases,Earbuds Protective Case,unisex,77,yes,single-evidence-lane,anime-collectables | classification-review,yes,,,covers-cases | portable-gadgets,"Electronics > Electronics Accessories > Cases, Covers & Skins"
8068255678563,for-realme-buds-air-7-pro-air-7-cartoon-transparent-protector-case-wireless-bluetooth-headphones-shockproof-case-with-keyring,Realme Buds Air Wireless Bluetooth Earbuds,earbuds,Electronic Accessories,Audio,Earbuds & Earphones,Earbuds,unisex,73,yes,single-evidence-lane,anime-collectables | classification-review | creator-essentials,yes,,,portable-gadgets,Electronics > Audio > Headphones & Headsets
8068256104547,cartoon-anti-scratch-dust-proof-and-shockproof-for-galaxy-buds4-4-pro-headphone-protective-case-shockproof-and-dustproof-case,Protective Case For Galaxy Buds4,headphones,Electronic Accessories,Audio,Headphones & Headsets,Headphones,unisex,73,yes,single-evidence-lane,anime-collectables | classification-review | creator-essentials,yes,,,portable-gadgets,Electronics > Audio > Headphones & Headsets
8065690959971,5-pairs-12cm-doll-shoes-doll-confused-doll-shoes-kids-gift-toy-for-girl-accessories-best-gift,5 Pairs 12cm Doll Shoes Doll Confused Shoes Kids Gift Toy For Girl,shoes,Kids,Kids Wear,Shoes & Footwear,Shoes,kids,87,yes,Trained knowledge model disagrees with checked-in taxonomy: toys-general.,anime-collectables | classification-review,yes,,,,Apparel & Accessories > Shoes
8066125103203,kids-smart-tablet-arabic-language-learning-educational-electronic-toy-pad-for-toddlers-interactive-learning-toy-teaching-aids,Kids Smart Tablet Arabic Language Learning Educational Electronic,educational-toys,Kids,Kids Toys & Games,Educational Toys,Educational Toy,kids,77,yes,single-evidence-lane,anime-collectables | classification-review,yes,,,kids-toys-games,Toys & Games > Toys > Educational Toys
8068254466147,for-oneplus-buds-pro-2-case-cartoon-cute-fruit-silicone-bluetooth-earphones-cover-for-oneplus-buds-pro-case,Silicone Protective Case For Oneplus Buds Pro 2,earbuds,Electronic Accessories,Audio,Earbuds & Earphones,Earbuds,unisex,73,yes,single-evidence-lane,anime-collectables | classification-review | electronic assessories,yes,,,portable-gadgets,Electronics > Audio > Headphones & Headsets
8076880642147,kawaii-hello-kitty-glass-bottle-cartoon-mini-coffee-milk-water-bottle-easy-carry-high-value-multi-purpose-for-kids-girl-children,Kawaii Hello Kitty Glass Bottle Cartoon Mini Coffee Milk Water,water-bottles,Home & Decor,Kitchen & Cookware,Drinkware,Water Bottle,kids,75,yes,single-evidence-lane,anime-collectables | classification-review,yes,,,dining-essentials,Home & Garden > Kitchen & Dining > Kitchen Appliances > Water Bottles
8065687945315,10pcs-kelly-doll-confused-doll-shoes-kids-gift-toy-12cm-doll-shoes-accessories-best-gift-for-girl,10pcs Kelly Doll Confused Doll Shoes Kids Gift Toy 12cm Shoes,shoes,Kids,Kids Wear,Shoes & Footwear,Shoes,kids,87,yes,Trained knowledge model disagrees with checked-in taxonomy: toys-general.,anime-collectables | classification-review,yes,,,,Apparel & Accessories > Shoes
8066120122467,kids-education-tablet-toy-age-3-literacy-math-music-learning-doubles-as-electronic-keyboard-birthday-christmas-gift,Kids Education Tablet Toy Age 3 Literacy Math Music Learning Doubles,keyboard,Electronic Accessories,Mouse & Keyboard,Keyboards,Keyboard,kids,73,yes,single-evidence-lane,anime-collectables | classification-review,yes,,,portable-gadgets,Electronics > Computers > Computer Accessories > Keyboards
8098833137763,attack-on-titan-acrylic-scene-sign-board-mikasa-ackerman-eren-jaeger-anime-peripheral-creativity-scene-modeling-desktop-ornament,Attack On Titan Acrylic Scene Sign Board Mikasaackerman Eren Jaeger,home-decor,Home & Decor,Lighting & Decor,Home Decor,Home Decor,unisex,68,yes,single-evidence-lane,anime-collectables | classification-review | minimum-qty-3,yes,,,home-decor | decorative-accessories | wall-art,Home & Garden > Decor
8066119303267,kids-cartoon-car-haircut-hairdresser-professional-hair-cut-salon-barber-wrap-cutting-gown-hair-care-styling-supplies-1,Kids Cartoon Car Haircut Hairdresser Professional Hair Cut Salon,hair-care,Beauty,Beauty & Skincare,Hair Care,Hair Care,kids,76,yes,single-evidence-lane,anime-collectables | classification-review,yes,,,beauty-makeup-essentials,Health & Beauty > Personal Care > Hair Care
8066119204963,kids-cartoon-car-haircut-hairdresser-professional-hair-cut-salon-barber-wrap-cutting-gown-hair-care-styling-supplies,Kids Cartoon Car Haircut Hairdresser Professional Hair Cut Salon,hair-care,Beauty,Beauty & Skincare,Hair Care,Hair Care,kids,76,yes,single-evidence-lane,anime-collectables | classification-review,yes,,,beauty-makeup-essentials,Health & Beauty > Personal Care > Hair Care
8066119106659,kids-gifts-fashion-pretend-play-cutting-wooden-simulation-cream-strawberry-birthday-cake-toy-with-candles-early-education,Kids Gifts Fashion Pretend Play Cutting Wooden Simulation Cream,candles,Home & Decor,Lighting & Decor,Candles & Home Fragrance,Candle,kids,71,yes,single-evidence-lane,anime-collectables | classification-review,yes,,,candles,Home & Garden > Decor > Candles
8094232969315,horror-and-bloody-classic-film-characters-japanese-anime-cartoon-vehicle-incense-car-perfume-perfume-lasting-stay-fragrance-pend,Horror Bloody Classic Film Characters Japanese,car-fragrance,Automotive,Vehicle Accessories,Car Air Fresheners & Fragrance,Car Fragrance,unisex,77,yes,single-evidence-lane,anime-collectables | classification-review,yes,,,car-accessories,Vehicles & Parts > Vehicle Parts & Accessories
8065636204643,new-kids-boys-girls-summer-clothing-sets-children-cute-cartoon-print-short-sleeve-t-shirt-tops-with-shorts-toddler-baby-pajamas,New Kids Boys Girls Summer Clothing Sets Children Cute Cartoon Print,kids-sleepwear,Kids,Kids Wear,Kids Sleepwear,Kids Sleepwear,kids,77,yes,single-evidence-lane | Trained knowledge model disagrees with checked-in taxonomy: kids-wear.,anime-collectables | classification-review,yes,,,kids-wear,Apparel & Accessories > Clothing > Baby & Toddler Clothing
8066118549603,kids-early-education-felt-sensory-mat-touch-pad-toy-animal-texture-hand-eye-coordination-cognitive-training-early-learning,Kids Early Education Felt Sensory Mat Touch Pad Toy Animal Texture,fitness-equipment,Sports & Fitness,Fitness Equipment,Fitness & Training,Fitness Equipment,kids,72,yes,single-evidence-lane,anime-collectables | classification-review,yes,,,,Sporting Goods > Exercise & Fitness
8076877201507,baby-dolls-feeding-bottle-magic-disappearing-milk-bottle-kids-pretend-play-toy-accessory-reborn-juice-bottle-educational-toys,Baby Dolls Feeding Bottle Magic Disappearing Milk Bottle Kids,educational-toys,Kids,Kids Toys & Games,Educational Toys,Educational Toy,kids,77,yes,single-evidence-lane,anime-collectables | classification-review,yes,,,kids-toys-games,Toys & Games > Toys > Educational Toys
8094229692515,jianwu-cute-little-daisy-transparent-loose-leaf-account-book-20-sheets-student-writing-notepad-binder-kawaii-stationery-supplies,Jianwu Cute Little Daisy Transparent Loose Leaf Account Book 20,notebooks-planners,Office & School Supplies,Office & School Supplies,Notebooks & Planners,Notebook & Planner,unisex,72,yes,single-evidence-lane,anime-collectables | classification-review,yes,,,,Office Supplies > Notebooks & Notepads
8098803220579,0-12-months-baby-toy-baby-baby-rattle-crib-moving-bell-felt-plush-bee-soothing-doll-montessori-sensory-touch-toy-newborn-gift,0 12 Months Baby Toy Baby Rattle Crib Moving Bell Felt Plush Bee,educational-toys,Kids,Kids Toys & Games,Educational Toys,Educational Toy,baby,73,yes,single-evidence-lane,anime-collectables | classification-review | minimum-qty-2,yes,,,kids-toys-games,Toys & Games > Toys > Educational Toys
8098832547939,japans-genuine-demon-slayer-style-2-gacha-mitsuri-kobas-muichiro-ornament-doll-anime-demon-slayer-childrens-birthday-gift,Japan S Genuine Demon Slayer Style 2 Gacha Mitsuri Koba S Muichiro,home-decor,Home & Decor,Lighting & Decor,Home Decor,Home Decor,kids,68,yes,single-evidence-lane,anime-collectables | classification-review | minimum-qty-2,yes,,,home-decor | decorative-accessories | wall-art,Home & Garden > Decor
8098836217955,anime-characters-card-holder-lanyard-keychain-id-credit-bus-card-cover-hang-rope-lariat-lanyard-key-rings-fans-gifts,Anime Characters Card Holder Lanyard Keychain Id Credit Bus Card,card-holder-lanyards,Office & School Supplies,Office & School Supplies,ID Card Lanyards & Badge Holders,ID Card Lanyard & Badge Holder,unisex,96,yes,Trained knowledge model disagrees with checked-in taxonomy: id-card-lanyards-badge-holders.,anime-collectables | classification-review,yes,,,office-school-supplies,Office Supplies > General Office Supplies > Name Plates
8076876415075,baby-doll-feeding-bottle-disappearing-milk-juice-magic-bottle-pretend-play-feeding-toy-for-kids-gift-dolls-accessories,Baby Doll Feeding Bottle Disappearing Milk Juice Magic Bottle,doll-clothing-accessories,Kids,Kids Toys & Games,Doll Clothing & Accessories,Doll Clothing & Accessory,baby,77,yes,single-evidence-lane,anime-collectables | classification-review,yes,,,kids-toys-games,Toys & Games > Toys > Doll & Action Figure Accessories
8098803187811,cute-reborn-doll-pacifier-and-nursing-bottle-dummy-pacifier-new-reborn-bebe-dolls-supplies-dummy-nipples-diy-toy-for-reborn-doll,Cute Reborn Doll Pacifier And Nursing Bottle Dummy Pacifier New,craft-diy,Office & School Supplies,Office & School Supplies,Craft & DIY Supplies,Craft Supply,unisex,69,yes,single-evidence-lane,anime-collectables | classification-review | minimum-qty-3,yes,,,,Arts & Entertainment > Hobbies & Creative Arts
8076742328419,renaissance-calendar-2025-wall-calendar-art-special-thick-sturdy-ugly-dog-wall-calendar-for-organizing,Renaissance Calendar Wall Art Special,notebooks-planners,Office & School Supplies,Office & School Supplies,Notebooks & Planners,Notebook & Planner,pets,99,yes,Trained knowledge model disagrees with checked-in taxonomy: anime-wall-art.,anime-collectables | back-to-school | dog-supplies | new-arrivals | notebook-planner | office-school | office-school-supplies | pets | stationery | wall-art,yes,,,,Office Supplies > Notebooks & Notepads
8094228316259,the-new-japanese-cartoon-material-book-illustration-note-high-value-ins-portable-student-diy-hand-account-notebook-1,The New Japanese Cartoon Material Book Illustration Note High Value,notebooks-planners,Office & School Supplies,Office & School Supplies,Notebooks & Planners,Notebook & Planner,unisex,72,yes,single-evidence-lane,anime-collectables | classification-review,yes,,,,Office Supplies > Notebooks & Notepads
8076873039971,350-500ml-cartoon-bear-transparent-portable-bottles-cute-reusable-drink-containers-for-bubble-tea-juice-milkshake-party-supplies,350 500ML Cartoon Bear Transparent Portable Bottles Cute Reusable,reusable-drink-bottles,Home & Decor,Kitchen & Cookware,Drinkware,Reusable Drink Bottle,unisex,77,yes,single-evidence-lane,anime-collectables | classification-review,yes,,,dining-essentials,Home & Garden > Kitchen & Dining > Kitchen Appliances > Water Bottles
8071269220451,the-new-japanese-cartoon-material-book-illustration-note-high-value-ins-portable-student-diy-hand-account-notebook,The New Japanese Cartoon Material Book Illustration Note High Value,notebooks-planners,Office & School Supplies,Office & School Supplies,Notebooks & Planners,Notebook & Planner,unisex,72,yes,single-evidence-lane,anime-collectables | classification-review,yes,,,,Office Supplies > Notebooks & Notepads
8094215176291,kawaii-new-blue-m5-loose-leaf-ledger-with-window-leather-detachable-high-value-portable-note-decorative-pocket-book-cute-gift,Kawaii New Blue M5 Loose Leaf Ledger With Window Leather Detachable,books-learning,Office & School Supplies,Office & School Supplies,Books & Learning,Book,unisex,72,yes,single-evidence-lane,anime-collectables | classification-review,yes,,,,Media > Books
8098835464291,the-vampire-diaries-hoodie-anime-sweater-harajuku-patterned-anime-patterned-printed-design-teen-hoddie-graphic-anime-y2k,The Vampire Diaries Hoodie Anime Sweater Harajuku Patterned Anime,kids-wear,Kids,Kids Wear,Kids Clothing,Kids Clothing,kids,92,yes,Trained knowledge model disagrees with checked-in taxonomy: hoodies-sweaters.,anime-collectables | hoodie-sweater | kids | kids-wear | new-arrivals,yes,,,kids-wear,Apparel & Accessories > Clothing > Baby & Toddler Clothing
8076870025315,750ml-gradient-color-bottle-sprunki-sprunki-incredibox-sprunki-game-cartoon-drinking-water-cup-kids-birthday-christmas-gift,750ML Gradient Color Bottle Sprunki Incredibox,dining,Home & Decor,Kitchen & Cookware,Dining & Serveware,Dining Accessory,kids,71,yes,single-evidence-lane,anime-collectables | classification-review,yes,,,dining-essentials,Home & Garden > Kitchen & Dining > Tableware
8098835267683,led-classic-anime-3d-lenticular-motion-anime-lightbox-for-bedroom-decoration-lamp-anime-peripheral-friend-birthday-gifts,LED Classic Anime 3d Lenticular Motion Anime Lightbox For Bedroom,home-lighting,Home & Decor,Lighting & Decor,Lamps & Lighting,Lamp & Lighting,unisex,72,yes,single-evidence-lane,anime-collectables | classification-review | minimum-qty-2,yes,,,wall-lights | decorative-lamps | smart-lighting,Home & Garden > Lighting
8098834546787,how-to-draw-the-coolest-anime-manga-sketching-tutorial-guide-english-book,How To Draw The Coolest Anime Manga Sketching Tutorial Guide English,books-learning,Office & School Supplies,Office & School Supplies,Books & Learning,Book,unisex,72,yes,single-evidence-lane,anime-collectables | classification-review,yes,,,,Media > Books
8052486176867,5pcs-doll-false-eyelashes-diy-eye-lash-black-brown-simulation-fake-lashes-for-kids-holiday-gifts-toy-decor-dolls-accessories,5pcs Doll False Eyelashes,eye-makeup,Beauty,Beauty & Skincare,Eye Makeup,Eye Makeup,kids,96,yes,Trained knowledge model disagrees with checked-in taxonomy: toys-general.,anime-collectables | classification-review,yes,,,eye-beauty-collection | beauty-makeup-essentials,Health & Beauty > Personal Care > Cosmetics > Eye Makeup
8052486373475,5-pcs-doll-false-eyelashes-diy-eye-lash-black-brown-simulation-toy-for-kids-holiday-gifts-toy-decor-dolls-accessories-1,Pcs Doll False Eyelashes,eye-makeup,Beauty,Beauty & Skincare,Eye Makeup,Eye Makeup,kids,96,yes,Trained knowledge model disagrees with checked-in taxonomy: toys-general.,anime-collectables | classification-review,yes,,,eye-beauty-collection | beauty-makeup-essentials,Health & Beauty > Personal Care > Cosmetics > Eye Makeup
8098831466595,demon-slayer-japanese-hot-blooded-anime-classic-characters-sports-casual-short-sleeved-comfortable-half-sleeved-popular-top,Demon Slayer Japanese Hot Blooded Anime Classic Characters Sports,shorts,Fashion,Fashion,Shorts,Shorts,unisex,72,yes,single-evidence-lane,anime-collectables | classification-review,yes,,,,Apparel & Accessories > Clothing > Shorts
8069099782243,6-pcs-set-childrens-cute-stationery-sets-cartoon-stationery-set-pencil-ruler-eraser-sharpener-student-stationery-supplies,6 Pcs Set Children S Cute Stationery Sets Cartoon Stationery Set,writing-supplies,Office & School Supplies,Office & School Supplies,Writing Supplies,Writing Supply,kids,72,yes,single-evidence-lane,anime-collectables | classification-review,yes,,,,Office Supplies > Writing & Drawing Supplies
8052485652579,5-pcs-doll-false-eyelashes-diy-eye-lash-black-brown-simulation-toy-for-kids-holiday-gifts-toy-decor-dolls-accessories,Pcs Doll False Eyelashes,eye-makeup,Beauty,Beauty & Skincare,Eye Makeup,Eye Makeup,kids,96,yes,Trained knowledge model disagrees with checked-in taxonomy: toys-general.,anime-collectables | classification-review,yes,,,eye-beauty-collection | beauty-makeup-essentials,Health & Beauty > Personal Care > Cosmetics > Eye Makeup
8076884705379,kid-cartoon-piano-keyboard-game-electronic-multifunctional-toy-animal-sound-flashing-light-baby-instrument-educational-toys-gift,Kid Cartoon Piano Keyboard Game Electronic Multifunctional Toy,educational-toys,Kids,Kids Toys & Games,Educational Toys,Educational Toy,kids,77,yes,single-evidence-lane,anime-collectables | classification-review,yes,,,kids-toys-games,Toys & Games > Toys > Educational Toys
8076884279395,250ml-cartoon-pattern-outdoor-child-drinking-bottle-with-straw-baby-feeding-cup-for-kids-training-portable-handle-water-bottle,250ML Cartoon Pattern Outdoor Child Drinking Bottle With Straw Baby,baby-care,Kids,Baby Care,Baby Care Essentials,Baby Care Product,kids,76,yes,single-evidence-lane,anime-collectables | classification-review,yes,,,baby-care,Baby & Toddler > Baby Care
7751227736163,egyptian-style-shepherd-staff-halloween-cosplay-walking-cane,Egyptian Shepherd Staff Halloween Cosplay Walking,mobility-aids,Health & Wellness,Health & Wellness,Mobility & Support,Mobility Aid,unisex,75,yes,single-evidence-lane,anime-collectables | classification-review,yes,,,mobility-support | daily-living-aids,Health & Beauty > Health Care
8066097709155,kids-oral-trainer-blowing-game-set-with-sound-feedback-speech-therapy-sensory-toy-for-early-education,Kids Oral Trainer Blowing Game Set With Sound Feedback Speech,educational-toys,Kids,Kids Toys & Games,Educational Toys,Educational Toy,kids,77,yes,single-evidence-lane,anime-collectables | classification-review,yes,,,kids-toys-games,Toys & Games > Toys > Educational Toys
8069098471523,office-back-to-school-supplies-kawaii-stationery-for-school-cute-panda-pencil-sharpener-school-supplies-stationery-school-useful,Office Back To School Supplies Kawaii Stationery For School Cute,writing-supplies,Office & School Supplies,Office & School Supplies,Writing Supplies,Writing Supply,unisex,72,yes,single-evidence-lane | Trained knowledge model disagrees with checked-in taxonomy: school-supplies.,anime-collectables | classification-review,yes,,,,Office Supplies > Writing & Drawing Supplies
7738902216803,kawaii-hello-kitty-doll-with-artificial-flowers-sanrio-bouquet-gift,Kawaii Hello Kitty Doll Artificial Flowers Bouquet,artificial-flower-bouquets,Home & Decor,Lighting & Decor,Home Decor,Artificial Flower Bouquet,unisex,77,yes,single-evidence-lane,anime-collectables | classification-review,yes,,,home-decor | decorative-accessories,Home & Garden > Decor
8069097816163,6-pcs-set-cute-3d-cartoon-stationery-set-perfect-gift-for-the-beginning-of-the-school-year-pencil-notebook-ruler-eraser-set,6 Pcs Set Cute 3d Cartoon Stationery Set For The,writing-supplies,Office & School Supplies,Office & School Supplies,Writing Supplies,Writing Supply,unisex,72,yes,single-evidence-lane,anime-collectables | classification-review,yes,,,,Office Supplies > Writing & Drawing Supplies
8098833956963,cute-anime-kt-cat-kuromi-big-eared-dog-insulated-coaster-coffee-shop-dining-table-anti-slip-mat-cup-anti-slip-coaster,Cute Anime Kt Cat Kuromi Big Eared Dog Insulated Coaster Coffee Shop,home-furniture,Home & Decor,Lighting & Decor,Furniture,Home Furniture,pets,76,yes,single-evidence-lane,anime-collectables | classification-review | minimum-qty-3,yes,,,home-decor,Home & Garden > Furniture
7766167191651,mens-summer-lyocell-jeans-loose-fit-premium-comfort,Men S Casual Loose Fit Pants For Daily And Casual Outfit Styling,trousers-pants,Men,Men's Fashion,Trousers & Pants,Pants,men,73,yes,single-evidence-lane,classification-review,yes,,,men-collection,Apparel & Accessories > Clothing > Pants
7766167257187,mens-high-waist-boyfriend-jeans,Men S Casual High Waist Pants For Daily And Casual Outfit Styling,trousers-pants,Men,Men's Fashion,Trousers & Pants,Pants,men,73,yes,single-evidence-lane,classification-review,yes,,,men-collection,Apparel & Accessories > Clothing > Pants
7766140158051,mens-summer-lyocell-jeans-elastic-waist-loose-fit,Men S Casual Loose Fit Pants For Daily And Casual Outfit Styling,trousers-pants,Men,Men's Fashion,Trousers & Pants,Pants,men,73,yes,single-evidence-lane,classification-review,yes,,,men-collection,Apparel & Accessories > Clothing > Pants
7767959404643,mens-light-luxury-stretch-slim-fit-denim-trousers,Mens Light Stretch Slim Fit,trousers-pants,Men,Men's Fashion,Trousers & Pants,Pants,men,73,yes,single-evidence-lane,classification-review,yes,,,men-collection,Apparel & Accessories > Clothing > Pants
7738932363363,mini-electric-heater-stove-500w-multi-functional-kitchen-appliance,Mini Multi Use Kitchen Tool For Daily Kitchen Use And Daily Electric,kitchen-gadgets,Home & Decor,Kitchen & Cookware,Kitchen Gadgets,Kitchen Gadget,unisex,76,yes,single-evidence-lane,classification-review,yes,,,kitchen-gadgets,Home & Garden > Kitchen & Dining > Kitchen Tools & Utensils
7738957529187,500w-mini-electric-heater-stove-multifunctional-kitchen-appliance,Mini Multi Use Kitchen Tool For Daily Kitchen Use And Daily,kitchen-gadgets,Home & Decor,Kitchen & Cookware,Kitchen Gadgets,Kitchen Gadget,unisex,76,yes,single-evidence-lane,classification-review,yes,,,kitchen-gadgets,Home & Garden > Kitchen & Dining > Kitchen Tools & Utensils
7767959142499,spring-and-autumn-retro-straight-leg-jeans,Men S Casual Straight Leg Pants For Daily And Casual Outfit Styling,trousers-pants,Men,Men's Fashion,Trousers & Pants,Pants,men,73,yes,single-evidence-lane,classification-review,yes,,,men-collection,Apparel & Accessories > Clothing > Pants
8103739490403,harajuku-retro-artistic-painter-berets-pillbox-hat-woven-paper-straw-sun-hats-for-women-fashion-circle-concave-top-straw-hats,Painter Berets Pillbox Hat Woven Paper,document-folders,Office & School Supplies,Office & School Supplies,Binders & Folders,Document Folder,women,92,yes,Trained knowledge model disagrees with checked-in taxonomy: hats-caps.,daily-living-aids | health-wellness | medical-accessories | new-arrivals | pill-organizer | trending-finds | women,yes,,,office-school-supplies | stationery | back-to-school,Office Supplies > Binders & Folders
8052546633827,facial-mister-moisturizing-handheld-mist-sprayer-small-skin-care-tools-portable-humidifier-steamer-for-outdoor-makeup-home,Moisturizing Handheld Mist Sprayer Small Skin,skincare,Beauty,Beauty & Skincare,Skincare,Skincare,unisex,77,yes,single-evidence-lane,classification-review,yes,,,beauty-makeup-essentials,Health & Beauty > Personal Care > Cosmetics > Skin Care
8052547059811,51pcs-patch-facial-skin-care-fade-blemishes-pimple-marks-closed-blemishes-cover-pimple-repair-patch,Marks Closed Blemishes Cover Pimple Repair,skincare,Beauty,Beauty & Skincare,Skincare,Skincare,unisex,77,yes,single-evidence-lane,classification-review,yes,,,beauty-makeup-essentials,Health & Beauty > Personal Care > Cosmetics > Skin Care
8052500332643,lip-care-serum-instant-volumising-lip-plumper-moisturizing-repairing-reduce-lip-fine-line-mask-collagen-lip-plump-oil-protection,Lip Fine Line Mask Collagen Plump,skincare,Beauty,Beauty & Skincare,Skincare,Skincare,unisex,73,yes,single-evidence-lane,Beauty and Makeups | classification-review,yes,,,beauty-makeup-essentials,Health & Beauty > Personal Care > Cosmetics > Skin Care
8052501315683,lip-plumper-serum-instant-volumizing-lip-plumping-oil-moisturizing-dark-lips-remedy-anti-wrinkle-increase-elasticity-lip-30ml,Volumizing Lip Plumping Oil Moisturizing Dark,skincare,Beauty,Beauty & Skincare,Skincare,Skincare,unisex,73,yes,single-evidence-lane,Beauty and Makeups | classification-review,yes,,,beauty-makeup-essentials,Health & Beauty > Personal Care > Cosmetics > Skin Care
8076760055907,multilingual-2025-2026-wall-calendar-english-german-spanish-2026-coil-calendar-notebook-coil-planner-agenda-organizer,Coil Planner Agenda Organizer,pen-pencil-case,Office & School Supplies,Office & School Supplies,Pen & Pencil Cases,Pen & Pencil Case,unisex,92,yes,Trained knowledge model disagrees with checked-in taxonomy: notebooks-planners.,back-to-school | memory-organization | new-arrivals | notebook-planner | office-school | office-school-supplies | stationery,yes,,,office-school-supplies,Office Supplies > Pen & Pencil Cases
8051871219811,apply-the-cream-before-makeup-hydrating-base-cream-long-lasting-hydration-skin-care-create-natural-base-firming-hydrating-makeup,Apply Cream Before Makeup Hydrating Base,skincare,Beauty,Beauty & Skincare,Skincare,Skincare,unisex,77,yes,single-evidence-lane,Beauty and Makeups | classification-review,yes,,,beauty-makeup-essentials,Health & Beauty > Personal Care > Cosmetics > Skin Care
8051876069475,50ml-best-selling-parfum-oil-for-women-floral-fresh-natural-long-lasting-essential-oil-body-spray-brand-original-high-quality,50ML Unisex Fresh Floral Perfume For Daily Wear And,fragrance,Women,Women's Beauty & Skincare,Fragrance,Fragrance,women,72,yes,single-evidence-lane,classification-review | Perfume | women accessories,yes,,,beauty-makeup-essentials,Health & Beauty > Personal Care > Cosmetics > Perfume & Cologne
8051858243683,centella-asiatica-soothing-cream-hydrating-face-moisturizer-calming-sensitive-skin-nourishing-redness-repair-acne-removal-cream,Centella Asiatica Soothing Cream Hydrating Face,skincare,Beauty,Beauty & Skincare,Skincare,Skincare,unisex,73,yes,single-evidence-lane,Beauty and Makeups | classification-review | Moisturizer,yes,,,beauty-makeup-essentials,Health & Beauty > Personal Care > Cosmetics > Skin Care
8051857916003,centella-asiatica-face-cream-anti-redness-sun-after-repair-blemish-acne-mark-oil-control-shrink-pore-nourishing-moisturizing-gel,Blemish Acne Mark Oil Control Shrink,skincare,Beauty,Beauty & Skincare,Skincare,Skincare,unisex,77,yes,single-evidence-lane,Beauty and Makeups | classification-review,yes,,,beauty-makeup-essentials,Health & Beauty > Personal Care > Cosmetics > Skin Care
8051858079843,50ml-time-reverse-cream-with-centella-collagen-anti-aging-moisturizer-reduces-wrinkles-firms-hydrates-mature-dry-skin-moisturize,50ML Time Reverse Cream Centella Collagen,skincare,Beauty,Beauty & Skincare,Skincare,Skincare,unisex,73,yes,single-evidence-lane,Beauty and Makeups | classification-review | Moisturizer,yes,,,beauty-makeup-essentials,Health & Beauty > Personal Care > Cosmetics > Skin Care
8051857752163,mercilen-collagen-cordyceps-moisturizing-cream-50g-moisturizing-and-firming-facial-cream-deeply-moisturizes-and-firms-the-skin-improves-facial-fine-lines-makes-skin-look-younger-suitable-for-all-skin-types,Mercilen Collagen Cordyceps Moisturizing Cream 50g,skincare,Beauty,Beauty & Skincare,Skincare,Skincare,unisex,77,yes,single-evidence-lane,Beauty and Makeups | classification-review,yes,,,beauty-makeup-essentials,Health & Beauty > Personal Care > Cosmetics > Skin Care
8051857424483,advanced-cica-time-reverse-cream-centella-asiatica-extract-anti-oxidative-stress-nourishing-brightening-skin-care-cream,Advanced Cica Time Reverse Cream Centella,skincare,Beauty,Beauty & Skincare,Skincare,Skincare,unisex,77,yes,single-evidence-lane,Beauty and Makeups | classification-review,yes,,,beauty-makeup-essentials,Health & Beauty > Personal Care > Cosmetics > Skin Care
8051856998499,50ml-centella-asiatica-moisturizing-cream-strengthen-skin-barrier-rejuvenate-oil-control-firming-facial-skin-care-for-sen,Skin Barrier Rejuvenate Oil Control Firming,skincare,Beauty,Beauty & Skincare,Skincare,Skincare,unisex,77,yes,single-evidence-lane,Beauty and Makeups | classification-review,yes,,,beauty-makeup-essentials,Health & Beauty > Personal Care > Cosmetics > Skin Care
8051856113763,sunscreen-bb-cream-protect-sun-burn-calm-redness-balance-oil-shine-conceal-face-blemish-enhance-skin-barrier-portable-concealer,Calm Redness Balance Oil Shine Conceal,face-makeup,Beauty,Beauty & Skincare,Face Makeup,Face Makeup,unisex,73,yes,single-evidence-lane,Beauty and Makeups | classification-review,yes,,,blush-glow | beauty-makeup-essentials,Health & Beauty > Personal Care > Cosmetics > Face Makeup
8051856834659,2-bottle-rcc-thailand-brightening-face-cream-set-spot-care-reduce-dark-spot-moisturizing-acne-scar-fading-white-smooth-skin,Bottle Rcc Thailand Brightening Face,skincare,Beauty,Beauty & Skincare,Skincare,Skincare,unisex,77,yes,single-evidence-lane,Beauty and Makeups | classification-review,yes,,,beauty-makeup-essentials,Health & Beauty > Personal Care > Cosmetics > Skin Care
8098810298467,newborn-photography-props-outfits-baby-girl-dress-fotografia-accessories-studio-shooting-photo-clothing,Newborn Photography Props Outfits Baby Girl Dress Fotografia,kids-wear,Kids,Kids Wear,Kids Clothing,Kids Clothing,baby,96,yes,Trained knowledge model disagrees with checked-in taxonomy: newborn-photography-props.,baby | kids | kids-accessories | minimum-qty-2 | new-arrivals | newborn-photography-prop,yes,,,kids-wear,Apparel & Accessories > Clothing > Baby & Toddler Clothing
8059450294371,purito-mighty-bamboo-panthenol-cream-with-skin-barrier-protection-deep-hydrating-soothing-face-moisturizer-for-all-skin-types,Purito Mighty Bamboo Panthenol Cream Skin,skincare,Beauty,Beauty & Skincare,Skincare,Skincare,unisex,73,yes,single-evidence-lane,classification-review | Moisturizer,yes,,,beauty-makeup-essentials,Health & Beauty > Personal Care > Cosmetics > Skin Care
8059449376867,hydrating-milk-moisturizer-50ml-for-all-skin-types-lightweight-non-greasy-daily-face-balm-with-shea-butter-and-glycerin,Non Greasy Face Balm Shea Butter,skincare,Beauty,Beauty & Skincare,Skincare,Skincare,unisex,73,yes,single-evidence-lane,classification-review | Moisturizer,yes,,,beauty-makeup-essentials,Health & Beauty > Personal Care > Cosmetics > Skin Care
8059446755427,gze-organic-moroccan-argan-oil-pure-cold-pressed-virgin-premium-grade-moisturizer-for-dry-damaged-skin-hair-face-body-scalp-2,Moroccan Argan Oil Pure Cold,skincare,Beauty,Beauty & Skincare,Skincare,Skincare,unisex,73,yes,single-evidence-lane,classification-review | Moisturizer,yes,,,beauty-makeup-essentials,Health & Beauty > Personal Care > Cosmetics > Skin Care
8059446722659,hyaluronic-acid-gel-cream-hydrating-face-moisturizer-for-hydrate-smooth-extra-dry-skin-nourishing-improve-dryness-facial-lotion,Hyaluronic Acid Gel Cream Hydrating Face,skincare,Beauty,Beauty & Skincare,Skincare,Skincare,unisex,73,yes,single-evidence-lane,classification-review | Moisturizer,yes,,,beauty-makeup-essentials,Health & Beauty > Personal Care > Cosmetics > Skin Care
8059444658275,flowerknow-makeup-base-moisturizing-hydrating-face-mist-makeup-base-essence-spray-korean-skin-care-primer-moisturizing-1,Flowerknow Makeup Base Moisturizing Hydrating Face,facial-mists,Beauty,Beauty & Skincare,Skincare,Facial Mist,unisex,77,yes,single-evidence-lane,classification-review | Moisturizer,yes,,,beauty-makeup-essentials,Health & Beauty > Personal Care > Cosmetics > Skin Care
8059445477475,gze-organic-moroccan-argan-oil-pure-cold-pressed-virgin-premium-grade-moisturizer-for-dry-damaged-skin-hair-face-body-scalp-1,Moroccan Argan Oil Pure Cold,skincare,Beauty,Beauty & Skincare,Skincare,Skincare,unisex,73,yes,single-evidence-lane,classification-review | Moisturizer,yes,,,beauty-makeup-essentials,Health & Beauty > Personal Care > Cosmetics > Skin Care
8059442004067,gze-organic-moroccan-argan-oil-pure-cold-pressed-virgin-premium-grade-moisturizer-for-dry-damaged-skin-hair-face-body-scalp,Moroccan Argan Oil Pure Cold,skincare,Beauty,Beauty & Skincare,Skincare,Skincare,unisex,73,yes,single-evidence-lane,classification-review | Moisturizer,yes,,,beauty-makeup-essentials,Health & Beauty > Personal Care > Cosmetics > Skin Care
8059441545315,flowerknow-makeup-base-moisturizing-hydrating-face-mist-makeup-base-essence-spray-korean-skin-care-primer-moisturizing,Flowerknow Makeup Base Moisturizing Hydrating Face,facial-mists,Beauty,Beauty & Skincare,Skincare,Facial Mist,unisex,77,yes,single-evidence-lane,classification-review | Moisturizer,yes,,,beauty-makeup-essentials,Health & Beauty > Personal Care > Cosmetics > Skin Care
8059440758883,130g-camel-milk-cactus-moisturizing-miracle-cream-firms-and-nourishes-the-skin-all-in-one-moisturizer,130g Camel Milk Cactus Moisturizing,skincare,Beauty,Beauty & Skincare,Skincare,Skincare,unisex,73,yes,single-evidence-lane,classification-review | Moisturizer,yes,,,beauty-makeup-essentials,Health & Beauty > Personal Care > Cosmetics > Skin Care
8059441119331,55ml-hydrating-nourishing-lubricant-for-couples-intimacy-private-parts-moisturizer-enhancing-adult-fun-body-care-product,55ML Hydrating Nourishing Lubricant Couples Intimacy,skincare,Beauty,Beauty & Skincare,Skincare,Skincare,unisex,73,yes,single-evidence-lane,classification-review | Moisturizer,yes,,,beauty-makeup-essentials,Health & Beauty > Personal Care > Cosmetics > Skin Care
8058368426083,oceaura-cyperus-rotundus-oil-for-hair-removal-soft-smooth-skin-care-deep-hydration-anti-hair-growth-inhibition-after-shave-oil,Oceaura Cyperus Rotundus Oil Hair Removal,skincare,Beauty,Beauty & Skincare,Skincare,Skincare,unisex,77,yes,single-evidence-lane,classification-review,yes,,,beauty-makeup-essentials,Health & Beauty > Personal Care > Cosmetics > Skin Care
8055492083811,c-carolinas-fashion-h-herreras-keychain-card-holders-keyring-bank-bus-id-credit-cards-key-ring-chains,Credit Cards Key Ring Chains,wallets,Fashion,Bags & Wallets,Wallets & Card Holders,Wallet,unisex,77,yes,single-evidence-lane | Trained knowledge model disagrees with checked-in taxonomy: key-ring.,classification-review,yes,,,,Luggage & Bags > Wallets & Money Clips
8055454892131,cat-art-1pc-card-holder-retractable-credit-card-holders-holders-child-bus-with-lanyard-badge-bank-id-cover-case,Art 1pc Card Holder Retractable Credit,card-holder-lanyards,Office & School Supplies,Office & School Supplies,ID Card Lanyards & Badge Holders,ID Card Lanyard & Badge Holder,kids,96,yes,Trained knowledge model disagrees with checked-in taxonomy: id-card-lanyards-badge-holders.,back-to-school | cat-supplies | id-card-lanyard-badge-holder | kids | new-arrivals | office-school | office-school-supplies | stationery,yes,,,office-school-supplies,Office Supplies > General Office Supplies > Name Plates
8068260823139,2026-new-case-for-realme-budsair8-pro-for-realme-buds-air-7-pro-for-realme-buds-air6-pro-silicone-earbuds-protective-cover,Silicone Protective Case For Realme Buds Air 7 Pro,realme-earbuds-protective-cases,Electronic Accessories,Covers & Cases,Earbuds Cases,Earbuds Protective Case,unisex,77,yes,single-evidence-lane,classification-review | creator-essentials,yes,,,covers-cases | portable-gadgets,"Electronics > Electronics Accessories > Cases, Covers & Skins"
8068259807331,portable-dustproof-silicone-case-washable-anti-fall-buds-cover-soild-color-earbuds-sleeve-for-realme-buds-air-5-pro-home-travel,Silicone Protective Case For Realme Buds Air 5 Pro,realme-earbuds-protective-cases,Electronic Accessories,Covers & Cases,Earbuds Cases,Earbuds Protective Case,unisex,77,yes,single-evidence-lane,classification-review | creator-essentials,yes,,,covers-cases | portable-gadgets,"Electronics > Electronics Accessories > Cases, Covers & Skins"
8100929437795,elegant-long-dresses-for-woman-2024-autumn-winter-new-o-neck-ruffles-full-sleeve-pleated-ankle-length-luxury-party-dinner-dress,Neck Ruffles Full Sleeve Pleated Ankle,dresses,Women,Women's Fashion,Dresses,Dress,women,73,yes,single-evidence-lane,classification-review,yes,,,,Apparel & Accessories > Clothing > Dresses
8068259348579,2026-new-case-for-realme-budsair8-pro-for-realme-buds-air-7-pro-for-realme-buds-air6-pro-silicone-earbuds-protective-sleeve,Silicone Protective Case For Realme Buds Air 7 Pro,realme-earbuds-protective-cases,Electronic Accessories,Covers & Cases,Earbuds Cases,Earbuds Protective Case,unisex,77,yes,single-evidence-lane,classification-review | creator-essentials,yes,,,covers-cases | portable-gadgets,"Electronics > Electronics Accessories > Cases, Covers & Skins"
8100929405027,women-long-dresses-spring-summer-casual-full-sleeve-floral-geometry-printed-o-neck-woman-bohe-beach-party-dress-mujer-vestidos,Summer Casual Full Sleeve Floral Geometry,dresses,Women,Women's Fashion,Dresses,Dress,women,73,yes,single-evidence-lane,classification-review,yes,,,,Apparel & Accessories > Clothing > Dresses
8051985219683,6-color-small-gold-eyeliner-pen-double-ended-long-lasting-eyeliner-waterproof-and-non-marring-eyeliner-brush-style-eyeliner,Waterproof 6 Color Makeup Brush For Beauty Organization And Makeup,beauty-tools,Beauty,Beauty & Skincare,Beauty Tools,Beauty Tool,unisex,73,yes,single-evidence-lane,classification-review,yes,,,beauty-makeup-essentials,Health & Beauty > Personal Care > Cosmetics
8051985481827,silicone-eyeliner-brush-waterproof-non-smudge-eyeliner-auxiliary-tool-eyeliner,Waterproof Makeup Brush For Beauty Organization And Makeup Use,beauty-tools,Beauty,Beauty & Skincare,Beauty Tools,Beauty Tool,unisex,73,yes,single-evidence-lane,classification-review,yes,,,beauty-makeup-essentials,Health & Beauty > Personal Care > Cosmetics
8068257808483,silicone-protective-case-for-realme-buds-air8-wireless-headphone-protector-case-shell-housing-charging-case-anti-dust-sleeve,Silicone Protective Case For Realme Buds Air8,headphones,Electronic Accessories,Audio,Headphones & Headsets,Headphones,unisex,73,yes,single-evidence-lane,classification-review | creator-essentials,yes,,,portable-gadgets,Electronics > Audio > Headphones & Headsets
8098840805475,cotton-handkerchief-new-25x25cm-printing-flower-paisley-pocket-squares-fashion-vintage-suit-pocket-towel-hanky-for-men,Cotton Handkerchief New 25x25cm Printing Flower Paisley Pocket,towels,Home & Decor,"Bedsheets, Handlooms & Towels",Towels,Towel,men,72,yes,single-evidence-lane | Trained knowledge model disagrees with checked-in taxonomy: handkerchiefs-pocket-squares.,classification-review,yes,,,,Home & Garden > Linens & Bedding > Towels
8048949231715,black-short-curly-hair-wig-for-women-high-quality-synthetic-natural-big-wave-fashion-ladies-wig-1,Short Curly Hair Wig,hair-care,Women,Women's Beauty & Skincare,Hair Care,Hair Care,women,99,yes,Trained knowledge model disagrees with checked-in taxonomy: womens-short-curly-wigs.,classification-review,yes,,,beauty-makeup-essentials,Health & Beauty > Personal Care > Hair Care
8051983646819,high-heeled-shoes-come-with-a-black-eyeliner-pen-which-is-waterproof-sweat-resistant-and-does-not-smudge-the-eyeliner,High Heeled Shoes Come Black Eyeliner,novelty-eyeliners,Beauty,Beauty & Skincare,Eye Makeup,Novelty Eyeliner,unisex,77,yes,single-evidence-lane,classification-review | novelty-eyeliner,yes,,,eye-beauty-collection | beauty-makeup-essentials,Health & Beauty > Personal Care > Cosmetics > Eye Makeup
8068257644643,for-realme-buds-air-6-pro-headphone-protective-case-silicone-storage-case-flexible-cover-shockproofs-designing-eardbud-case,Silicone Protective Case For Realme Buds Air 6 Pro,realme-earbuds-protective-cases,Electronic Accessories,Covers & Cases,Earbuds Cases,Earbuds Protective Case,unisex,77,yes,single-evidence-lane,classification-review | creator-essentials,yes,,,covers-cases | portable-gadgets,"Electronics > Electronics Accessories > Cases, Covers & Skins"
8048940712035,hair-care-moroccan-pure-argan-oil-essential-oil-for-dry-hair-types-multi-functional-care-products-for-woman,Moroccan Pure Argan Oil Essential Dry,essential-oils,Health & Wellness,Health & Wellness,Aromatherapy & Essential Oils,Essential Oil,women,77,yes,single-evidence-lane,classification-review,yes,,,health-wellness,Health & Beauty > Personal Care
8051919356003,powder-with-puff-natural-oil-control-face-loose-powder-matte-waterproof-lasting-brighten-facial-modification-cosmetics-makeup,Powder Puff Natural Oil Control Face,beauty-tools,Beauty,Beauty & Skincare,Beauty Tools,Beauty Tool,unisex,73,yes,single-evidence-lane,classification-review,yes,,,beauty-makeup-essentials,Health & Beauty > Personal Care > Cosmetics
8068257382499,for-realme-buds-air-7pro-case-flexible-soft-silicone-protector-housing-for-earbud-shockproof-cover-scratch-resistant-sleeve-7pro,Silicone Protective Case For Realme Buds Air 7,realme-earbuds-protective-cases,Electronic Accessories,Covers & Cases,Earbuds Cases,Earbuds Protective Case,unisex,77,yes,single-evidence-lane,classification-review | creator-essentials,yes,,,covers-cases | portable-gadgets,"Electronics > Electronics Accessories > Cases, Covers & Skins"
8047134146659,ailke-lightening-face-care-set-for-all-skin-types-whitening-reduce-freckles-melanin-black-spots-wrinkles-even-skin-tone,Ailke Lightening Face Care All Skin,brightening-skincare-sets,Beauty,Beauty & Skincare,Skincare,Brightening Skincare Set,unisex,77,yes,single-evidence-lane,brightening-skincare-set | classification-review,yes,,,beauty-makeup-essentials,Health & Beauty > Personal Care > Cosmetics > Skin Care
8051911229539,single-large-powder-brush-quality-makeup-brush-professional-makeup-tools,Single Large Powder Brush Quality Makeup,beauty-tools,Beauty,Beauty & Skincare,Beauty Tools,Beauty Tool,unisex,73,yes,single-evidence-lane,classification-review,yes,,,beauty-makeup-essentials,Health & Beauty > Personal Care > Cosmetics
8059446493283,moisturizing-aloe-vera-gel-is-suitable-for-face-and-body-hydrating-and-moisturizing-repairing-sunburn-suitable-for-sensitive-skin-and-acne-care,Moisturizing Aloe Vera Gel Suitable Face,aloe-vera-gels,Beauty,Beauty & Skincare,Skincare,Aloe Vera Gel,unisex,77,yes,single-evidence-lane,aloe-vera-gel | classification-review,yes,,,beauty-makeup-essentials,Health & Beauty > Personal Care > Cosmetics > Skin Care
8059448229987,170g-bottle-urea-moisturizing-cream-hand-cream-foot-cream-body-lotion-formulated-with-glycerin-vitamin-e-and-other-ingredients-deeply-moisturizes-the-skin-prevents-dryness-and-leaves-skin-smooth-and-supple-suitable-f,170g Bottle Urea Moisturizing Cream Hand,hand-foot-care,Beauty,Beauty & Skincare,Body Care,Hand & Foot Care,unisex,77,yes,single-evidence-lane,classification-review,yes,,,beauty-makeup-essentials,Health & Beauty > Personal Care > Cosmetics > Skin Care
8051910606947,clearancesale-vt-cosmetics-cica-reedle-shot-50-100-2mlx7-lightweight-feel-clear-watery-sensation-korean-skincare-korean-makeup,Clearancesale Vt Cosmetics Cica Reedle Shot,skincare,Beauty,Beauty & Skincare,Skincare,Skincare,unisex,73,yes,single-evidence-lane,classification-review,yes,,,beauty-makeup-essentials,Health & Beauty > Personal Care > Cosmetics > Skin Care
8051911065699,makeup-tool-kits-compact-makeup-powder,Makeup Tool Kits Compact Powder,compact-face-powders,Beauty,Beauty & Skincare,Face Makeup,Compact Face Powder,unisex,77,yes,single-evidence-lane,classification-review,yes,,,blush-glow | beauty-makeup-essentials,Health & Beauty > Personal Care > Cosmetics > Face Makeup
8059445870691,sculpt-tone-arm-firming-cream-100g-with-7-rice-extract-centella-body-moisturizer-for-skin-tightening-fast-shipping-1,Sculpt Tone Arm Firming Cream 100g,body-care,Beauty,Beauty & Skincare,Body Care,Body Care,unisex,77,yes,single-evidence-lane,classification-review,yes,,,beauty-makeup-essentials,Health & Beauty > Personal Care > Cosmetics > Skin Care
8051881541731,2026-new-mens-watches-benyar-retro-red-mechanical-automatic-luxury-watch-for-men-waterproof-luminous-stainless-steel-wristwatch,Mechanical Automatic Watch Waterproof Luminous,mechanical-watches,Watches,Watches,Fashion Watches,Mechanical Watch,men,77,yes,single-evidence-lane,classification-review,yes,,,,Apparel & Accessories > Jewelry > Watches
8059444723811,skin-moisturizing-care-cream-gentle-care-for-body-skin-smooth-comfortable-moisturizing-dry-skin-body-cream-non-irritating-1,Skin Moisturizing Care Cream Gentle,body-care,Beauty,Beauty & Skincare,Body Care,Body Care,unisex,77,yes,single-evidence-lane,classification-review,yes,,,beauty-makeup-essentials,Health & Beauty > Personal Care > Cosmetics > Skin Care
8059445084259,moisturizing-renewal-set-firming-anti-aging-essence-kit-for-daily-care-improves-skin-texture-fine-lines-complete-skincare-system-1,Essence Kit Care Improves,skincare,Beauty,Beauty & Skincare,Skincare,Skincare,unisex,73,yes,single-evidence-lane,classification-review,yes,,,beauty-makeup-essentials,Health & Beauty > Personal Care > Cosmetics > Skin Care
8068255187043,headphone-cover-shockproof-wrap-case-skin-antiscratch-guard-washable-silicone-housing-shell-enhances-grip-for-buds-air-7,Silicone Protective Case For Wireless Earbuds,earbuds,Electronic Accessories,Audio,Earbuds & Earphones,Earbuds,unisex,73,yes,single-evidence-lane,classification-review | creator-essentials,yes,,,portable-gadgets,Electronics > Audio > Headphones & Headsets
8051871776867,3pcs-soft-foundation-brush-blush-brush-powder-brush-even-makeup-application-multi-functional-makeup-brush-beauty-tool,Soft Foundation Brush Blush Powder Even,blush-powders,Beauty,Beauty & Skincare,Face Makeup,Blush Powder,unisex,77,yes,single-evidence-lane,classification-review,yes,,,blush-glow | beauty-makeup-essentials,Health & Beauty > Personal Care > Cosmetics > Face Makeup
8059442462819,sculpt-tone-arm-firming-cream-100g-with-7-rice-extract-centella-body-moisturizer-for-skin-tightening-fast-shipping,Sculpt Tone Arm Firming Cream 100g,body-care,Beauty,Beauty & Skincare,Body Care,Body Care,unisex,77,yes,single-evidence-lane,classification-review,yes,,,beauty-makeup-essentials,Health & Beauty > Personal Care > Cosmetics > Skin Care
8068254138467,silicone-protective-case-for-realme-buds-air8-liquid-silicone-cover-slim-lightweight-headphones-protective-case-1pcs,Silicone Protective Case For Realme Buds Air8,headphones,Electronic Accessories,Audio,Headphones & Headsets,Headphones,unisex,73,yes,single-evidence-lane,classification-review | creator-essentials,yes,,,portable-gadgets,Electronics > Audio > Headphones & Headsets
8098806202467,napping-for-newborn-sweat-absorption-breathable-cotton-baby-0-6-months-universal-pillow,Cotton Months Universal Pillow,baby-support-pillows,Kids,Baby Care,Baby Support Pillows,Baby Support Pillow,baby,77,yes,single-evidence-lane,classification-review,yes,,,kids,Baby & Toddler > Baby Bedding
8051871318115,all-in-one-makeup-kit-full-makeup-kit-gift-for-women-teen-girl-nude-eyeshadow-foundation-primer-brush-nude-lipgloss,All One Makeup Kit Full Gift,lip-care-makeup,Beauty,Beauty & Skincare,Lip Care & Makeup,Lip Product,kids,73,yes,single-evidence-lane,classification-review,yes,,,lips-and-care | beauty-makeup-essentials,Health & Beauty > Personal Care > Cosmetics > Lip Makeup
8059440857187,skin-moisturizing-care-cream-gentle-care-for-body-skin-smooth-comfortable-moisturizing-dry-skin-body-cream-non-irritating,Skin Moisturizing Care Cream Gentle,body-care,Beauty,Beauty & Skincare,Body Care,Body Care,unisex,77,yes,single-evidence-lane,classification-review,yes,,,beauty-makeup-essentials,Health & Beauty > Personal Care > Cosmetics > Skin Care
8059441414243,moisturizing-renewal-set-firming-anti-aging-essence-kit-for-daily-care-improves-skin-texture-fine-lines-complete-skincare-system,Essence Kit Care Improves,skincare,Beauty,Beauty & Skincare,Skincare,Skincare,unisex,73,yes,single-evidence-lane,classification-review,yes,,,beauty-makeup-essentials,Health & Beauty > Personal Care > Cosmetics > Skin Care
8066188345443,1pcs-glass-condiment-bottle-with-stainless-steel-rotatable-cap-for-everyday-cooking-and-bbq-pepper-shakers-kitchen-accessories,1pcs Glass Condiment Bottle Stainless Steel,kitchen-seasoning,Home & Decor,Kitchen & Cookware,Kitchen Gadgets,Seasoning & Dispenser Tool,unisex,75,yes,single-evidence-lane,classification-review,yes,,,kitchen-gadgets | dining-essentials,Home & Garden > Kitchen & Dining > Kitchen Tools & Utensils
8051857457251,collagen-cherry-blossom-moisturizing-smooth-hand-cream-for-autumn-and-winter-portable-dry-skin-moisturizing-cream,Collagen Cherry Blossom Moisturizing Smooth Hand,hand-care,Beauty,Beauty & Skincare,Body Care,Hand Care,unisex,77,yes,single-evidence-lane,classification-review,yes,,,beauty-makeup-essentials,Health & Beauty > Personal Care > Cosmetics > Skin Care
8059436826723,african-net-long-bath-body-exfoliating-long-net-shower-body-scrub-back-scrubber-skin-smoother-beauty-skin-bath-wash,African Net Long Bath Body Exfoliating,body-care,Beauty,Beauty & Skincare,Body Care,Body Care,unisex,77,yes,single-evidence-lane,classification-review,yes,,,beauty-makeup-essentials,Health & Beauty > Personal Care > Cosmetics > Skin Care
8066184314979,2pcs-glass-spice-bottle-adjustable-refillable-salt-and-pepper-shakers-with-shelf-spice-dispenser-pour-holes-kitchen-gadget,2pcs Glass Spice Bottle Adjustable Refillable Salt And Pepper,kitchen-gadgets,Home & Decor,Kitchen & Cookware,Kitchen Gadgets,Kitchen Gadget,unisex,76,yes,single-evidence-lane,classification-review,yes,,,kitchen-gadgets,Home & Garden > Kitchen & Dining > Kitchen Tools & Utensils
8066187460707,2pcs-set-kitchen-glass-spice-bottle-adjustable-refillable-salt-and-pepper-shakers-with-shelf-spice-dispenser-with-pour-holes,2pcs Set Kitchen Glass Spice Bottle Adjustable Refillable Salt And,kitchen-seasoning,Home & Decor,Kitchen & Cookware,Kitchen Gadgets,Seasoning & Dispenser Tool,unisex,75,yes,single-evidence-lane,classification-review,yes,,,kitchen-gadgets | dining-essentials,Home & Garden > Kitchen & Dining > Kitchen Tools & Utensils
8058392182883,rosemary-oil-hair-essential-coconut-oil-improve-hair-loss-and-nourishes-strengthen-hair-roots-scalp-treatment-hair-care,Rosemary Oil Hair Essential Coconut,hair-care,Beauty,Beauty & Skincare,Hair Care,Hair Care,unisex,76,yes,single-evidence-lane,classification-review,yes,,,beauty-makeup-essentials,Health & Beauty > Personal Care > Hair Care
8058570506339,wooden-beard-comb-styling-comb-double-sided-with-fine-and-coarse-teeth-pocket-comb-portable-travel-comb,Wooden Beard Comb Styling Double,tail-combs,Beauty,Beauty & Skincare,Hair Care,Tail Comb,unisex,77,yes,single-evidence-lane,classification-review,yes,,,beauty-makeup-essentials,Health & Beauty > Personal Care > Hair Care
8066183397475,kitchen-glass-spice-bottle-adjustable-refillable-salt-and-pepper-shakers-2pcs-set-with-shelf-spice-dispenser-with-pour-holes,Kitchen Glass Spice Bottle Adjustable Refillable Salt And Pepper,kitchen-seasoning,Home & Decor,Kitchen & Cookware,Kitchen Gadgets,Seasoning & Dispenser Tool,unisex,75,yes,single-evidence-lane,classification-review,yes,,,kitchen-gadgets | dining-essentials,Home & Garden > Kitchen & Dining > Kitchen Tools & Utensils
8058391756899,hair-mixed-oil-moisturizing-and-curing-hair-softening-hair-care-nutritional-massage-essence-oil,Hair Mixed Oil Moisturizing Curing Softening,hair-care,Beauty,Beauty & Skincare,Hair Care,Hair Care,unisex,76,yes,single-evidence-lane,classification-review,yes,,,beauty-makeup-essentials,Health & Beauty > Personal Care > Hair Care
8066182447203,500ml-layered-protein-bottle-powder-shaker-with-powder-storage-container-large-water-bottle-water-bottle-with-wire-stirring-ball,500ML Layered Protein Bottle Powder Shaker With Powder Storage,water-bottles,Home & Decor,Kitchen & Cookware,Drinkware,Water Bottle,unisex,75,yes,single-evidence-lane,classification-review,yes,,,dining-essentials,Home & Garden > Kitchen & Dining > Kitchen Appliances > Water Bottles
8098801188963,hdmi-wireless-4k-video-transmission-450m-los-range-wireless-extender-kit-video-transmitter-receiver-for-camera-live-church-home,Hdmi Wireless 4k Video Transmission 450m Los Range Wireless Extender,camera-accessory,Electronic Accessories,Camera & Content Accessories,Camera Accessories,Camera Accessory,unisex,72,yes,single-evidence-lane,classification-review | creator-essentials,yes,,,portable-gadgets,Electronics > Camera & Optics > Camera Accessories
8058383269987,rose-hip-oil-for-hair-skin-pure-natural-moisturizing-essential-oil-alcohol-free-nourishing-care-for-healthy-look,Rose Hip Oil Hair Skin Pure,essential-oils,Health & Wellness,Health & Wellness,Aromatherapy & Essential Oils,Essential Oil,unisex,77,yes,single-evidence-lane,classification-review,yes,,,health-wellness,Health & Beauty > Personal Care
8066178252899,200ml-300ml-500ml-oil-spray-bottle-kitchen-cooking-olive-oil-dispenser-bbq-baking-camping-vinegar-soy-sauce-sprayer-containers,200ML 300ML 500ML Oil Spray Bottle,kitchen-seasoning,Home & Decor,Kitchen & Cookware,Kitchen Gadgets,Seasoning & Dispenser Tool,unisex,75,yes,single-evidence-lane,classification-review,yes,,,kitchen-gadgets | dining-essentials,Home & Garden > Kitchen & Dining > Kitchen Tools & Utensils
8098800566371,wireless-hdmi-usb-c-video-transmitter-and-receiver-extender-kit-type-c-hdmi-tv-display-stick-dongle-for-projector-tv-camera-pc,Wireless Hdmi USB C Video Transmitter And Receiver Extender Kit Type,camera-accessory,Electronic Accessories,Camera & Content Accessories,Camera Accessories,Camera Accessory,unisex,72,yes,single-evidence-lane,classification-review | creator-essentials,yes,,,portable-gadgets,Electronics > Camera & Optics > Camera Accessories
8098800992355,new-3d-screen-amplifier-mobile-phone-hd-screen-video-glass-stand-magnifier-for-phone-enlarged-screen-phone-stand-bracket,New 3d Screen Amplifier Mobile Phone Hd Screen Video Glass Stand,phone-tablet-stand,Electronic Accessories,Computer Accessories,Phone & Tablet Stands,Phone & Tablet Stand,unisex,76,yes,single-evidence-lane,classification-review | creator-essentials | minimum-qty-3,yes,,,portable-gadgets,Electronics > Electronics Accessories
8058369376355,hair-care-moroccan-pure-argan-oil-essential-oil-for-dry-hair-types-multi-functional-care-products-for-woman-2,Moroccan Pure Argan Oil Essential Dry,essential-oils,Health & Wellness,Health & Wellness,Aromatherapy & Essential Oils,Essential Oil,women,77,yes,single-evidence-lane,classification-review,yes,,,health-wellness,Health & Beauty > Personal Care
8058378059875,goiple-natural-rose-extract-braid-oil-for-itchy-dry-scalp-cornrow-locs-twist-add-shine-smoothes-moisturizes-hair-care-oil,Rose Extract Braid Oil Itchy Dry,hair-care,Beauty,Beauty & Skincare,Hair Care,Hair Care,unisex,76,yes,single-evidence-lane,classification-review,yes,,,beauty-makeup-essentials,Health & Beauty > Personal Care > Hair Care
8066176221283,2pcs-seasoning-shaker-glass-bottles-spices-storage-barbecue-condiment-jar-salt-pepper-boxes-for-kitchen-gadget-tools-organizer,2pcs Seasoning Shaker Glass Bottles Spices Storage Barbecue,kitchen-gadgets,Home & Decor,Kitchen & Cookware,Kitchen Gadgets,Kitchen Gadget,unisex,76,yes,single-evidence-lane,classification-review,yes,,,kitchen-gadgets,Home & Garden > Kitchen & Dining > Kitchen Tools & Utensils
8098800468067,bluetooth-remote-control-mobile-phone-bluetooth-selfie-device-vibrato-page-turning-like-remote-control-selfie-video-camera,Bluetooth Remote Control Mobile Phone Bluetooth Selfie Device,camera-accessory,Electronic Accessories,Camera & Content Accessories,Camera Accessories,Camera Accessory,unisex,72,yes,single-evidence-lane,classification-review | creator-essentials,yes,,,portable-gadgets,Electronics > Camera & Optics > Camera Accessories
8055706353763,1-piece-not-two-its-one-single-piece-available-in-two-colors-knee-pads-enhance-comfort-essential-for-outdoor-weeding-gardening-chore-work-with-elastic-band-support,Piece Not Two Its One Single,sports-protection,Sports & Fitness,Fitness Equipment,Sports Protection,Sports Protective Gear,unisex,75,yes,single-evidence-lane,classification-review,yes,,,,Sporting Goods > Athletics
8066175696995,4pcs-mini-seasoning-jar-dustproof-insect-proof-salt-pepper-shake-bottle-50ml-airtight-seal-spice-dispenser-camping-use,Salt Pepper Shake Bottle 50ML Airtight,kitchen-seasoning,Home & Decor,Kitchen & Cookware,Kitchen Gadgets,Seasoning & Dispenser Tool,unisex,75,yes,single-evidence-lane,classification-review,yes,,,kitchen-gadgets | dining-essentials,Home & Garden > Kitchen & Dining > Kitchen Tools & Utensils
8098797486179,hdmi-video-capture-box-recorder-4k-hdmi-vga-ypbpr-rca-analog-vhs-video-capture-card-device-for-camera-obs-live-steaming-wirecast,Hdmi Video Capture Box Recorder 4k Hdmi Vga Ypbpr Rca Analog Vhs,video-capture-cards,Electronic Accessories,Camera & Content Accessories,Video Capture Cards,Video Capture Card,unisex,77,yes,single-evidence-lane,classification-review | creator-essentials,yes,,,portable-gadgets,Electronics > Electronics Accessories > Audio & Video Accessories
8055693410403,men-belts-automatic-buckle-metal-webbing-belts-for-men-canvas-nylon-high-quality-strap-casual-sports-belt,Nylon Strap Casual Sports,belt,Men,Men's Accessories,Belts,Belt,men,73,yes,single-evidence-lane,classification-review,yes,,,,Apparel & Accessories > Clothing Accessories > Belts
8055697899619,sports-adjustable-casual-waistbelt-alloy-buckle-breathable-nylon-belt,Sports Adjustable Casual Waistbelt Alloy Buckle,belt,Fashion,Fashion Accessories,Belts,Belt,unisex,73,yes,single-evidence-lane,classification-review,yes,,,,Apparel & Accessories > Clothing Accessories > Belts
8066174189667,jar-opener-easy-grip-wrench-4-in-1-handy-save-strength-can-beer-bottle-cap-openers-lid-twist-off-tools-portable-kitchen-gadgets,Jar Opener Easy Grip Wrench 4 In 1 Handy Save Strength Can Beer,kitchen-gadgets,Home & Decor,Kitchen & Cookware,Kitchen Gadgets,Kitchen Gadget,unisex,76,yes,single-evidence-lane,classification-review,yes,,,kitchen-gadgets,Home & Garden > Kitchen & Dining > Kitchen Tools & Utensils
8066174648419,crison-sk001-professional-boston-shaker-two-piece-blender-bar-tool-for-bartenders-cocktail-shaker,Crison Sk001 Professional Boston Shaker Two Piece Blender Bar Tool,cocktail-shakers,Home & Decor,Kitchen & Cookware,Dining & Serveware,Cocktail Shaker,unisex,77,yes,single-evidence-lane,classification-review,yes,,,dining-essentials,Home & Garden > Kitchen & Dining > Tableware
8097533100131,for-magsafe-phone-grip-stand-kickstand-for-magsafe-iphones-magnetic-phone-stand-cellphone-grip-rotated-360-holder-for-iphone,For Magsafe Phone Grip Stand Kickstand For Magsafe Iphones Magnetic,phone-tablet-stand,Electronic Accessories,Computer Accessories,Phone & Tablet Stands,Phone & Tablet Stand,unisex,76,yes,single-evidence-lane,classification-review | creator-essentials | Magsafe products | minimum-qty-2,yes,,,portable-gadgets,Electronics > Electronics Accessories
8055693213795,men-belts-leather-waist-strap-male-automatic-buckle-waistband-mens-high-quality-girdle-belts-for-women-men-gifts-105-115-125cm,Automatic 125cm Industrial Machine For Mixing And Filling Tasks,belt,Men,Men's Accessories,Belts,Belt,men,73,yes,single-evidence-lane,classification-review,yes,,,,Apparel & Accessories > Clothing Accessories > Belts
8066156527715,1pc-200ml-300ml-oil-spray-bottle-kitchen-cooking-olive-oil-dispenser-camping-bbq-baking-vinegar-soy-sauce-sprayer-containers,1pc 200ML 300ML Oil Spray Bottle,kitchen-seasoning,Home & Decor,Kitchen & Cookware,Kitchen Gadgets,Seasoning & Dispenser Tool,unisex,75,yes,single-evidence-lane,classification-review,yes,,,kitchen-gadgets | dining-essentials,Home & Garden > Kitchen & Dining > Kitchen Tools & Utensils
8097469988963,ap-ss26-teen-girl-women-solid-color-cotton-jersey-fabric-fitted-tee-shirt-ladies-fashion-brief-t-shirts-top,Fabric Fitted Tee Shirt Ladies Brief,womens-blouses,Women,Women's Fashion,Shirts & Blouses,Women's Blouse,women,92,yes,Trained knowledge model disagrees with checked-in taxonomy: t-shirts.,classification-review,yes,,,,Apparel & Accessories > Clothing > Shirts & Tops
8097527824483,portable-folding-phone-holder-tablet-holder-phone-accessories-phone-stand,Portable Folding Phone Holder Tablet Holder Phone Accessories Stand,phone-tablet-stand,Electronic Accessories,Computer Accessories,Phone & Tablet Stands,Phone & Tablet Stand,unisex,76,yes,single-evidence-lane,classification-review | creator-essentials | Magsafe products | minimum-qty-3,yes,,,portable-gadgets,Electronics > Electronics Accessories
8055608836195,tie-for-men-gravatas-top-grade-7-5-cm-100-silk-neck-tie-hombre-printed-formal-clothing-light-blue-fathers-day,Printed Formal Clothing Light Blue Fathers,ties,Men,Men's Accessories,Ties & Formal Accessories,Tie,men,73,yes,single-evidence-lane,classification-review,yes,,,,Apparel & Accessories > Clothing Accessories
8055600939107,mens-casual-suit-fashion-business-office-trendy-suit-jacket-solid-color-slim-fit-mens-suit-high-quality-outerwear,Mens Casual Suit Business Office Trendy,suits,Men,Men's Fashion,Suits & Formalwear,Suit,men,76,yes,single-evidence-lane,classification-review,yes,,,men-collection,Apparel & Accessories > Clothing > Suits
8055558242403,running-shorts-men-fitness-gym-training-2-in-1-sports-compression-fashion-quick-dry-workout-harajuku-jogging-double-deck-summer,Gym 2in Fitness Accessory For Stretching And Fitness Routines,shorts,Men,Men's Fashion,Shorts,Shorts,men,72,yes,single-evidence-lane,classification-review,yes,,,men-collection,Apparel & Accessories > Clothing > Shorts
8055564501091,anti-theft-credit-card-holder-men-wallets-rfid-blocking-aluminum-leather-pop-up-minimalist-wallet-cardholder-wallets-for-men,Theft Credit Card Holder Wallets Rfid,metal-card-wallets,Men,Men's Bags & Wallets,Wallets & Card Holders,Metal Card Wallet,men,77,yes,single-evidence-lane,classification-review,yes,,,,Luggage & Bags > Wallets & Money Clips
8037093834851,multi-functional-knife-sharpener-quick-sharpening-4-in-1-handheld-knife-sharpener-stone-non-slip-household-kitchen-accessories,Non Slip Household Kitchen Accessories,kitchen-food-prep,Home & Decor,Kitchen & Cookware,Kitchen Gadgets,Kitchen Food Prep Tool,unisex,76,yes,single-evidence-lane,classification-review,yes,,,kitchen-gadgets,Home & Garden > Kitchen & Dining > Kitchen Tools & Utensils
8055493984355,retro-tape-card-holder-lanyard-camera-neck-strap-credit-card-case-id-badge-holders-credentials-protection-card-holders,Retro Tape Card Holder Lanyard Camera,card-holder-lanyards,Office & School Supplies,Office & School Supplies,ID Card Lanyards & Badge Holders,ID Card Lanyard & Badge Holder,unisex,96,yes,Trained knowledge model disagrees with checked-in taxonomy: id-card-lanyards-badge-holders.,classification-review | creator-essentials,yes,,,office-school-supplies,Office Supplies > General Office Supplies > Name Plates
8094218092643,reminiscences-of-a-stock-operator-by-edwin-lefevre-financial-management-reading-english-book,Reminiscences Of A Stock Operator By Edwin Lefevre Financial,books-learning,Office & School Supplies,Office & School Supplies,Books & Learning,Book,unisex,72,yes,single-evidence-lane,classification-review,yes,,,,Media > Books
8036978458723,artificial-vine-fairy-lights-home-decor-flower-green-leaf-string-lights-garland-light-for-christmas-tree-wedding-battery-powered,String Garland Light Decorative String Lights,artificial-plants,Home & Decor,Lighting & Decor,Home Decor,Artificial Plant Decor,unisex,77,yes,single-evidence-lane,classification-review | creator-essentials,yes,,,home-decor | decorative-accessories,Home & Garden > Decor
8055455023203,1pc-double-sided-bank-cards-work-name-id-card-holder-with-lanyard-credit-card-holder-identity-badge-holder-student-bus-card-case,Name Id Card Holder Lanyard Credit,card-holder-lanyards,Office & School Supplies,Office & School Supplies,ID Card Lanyards & Badge Holders,ID Card Lanyard & Badge Holder,unisex,96,yes,Trained knowledge model disagrees with checked-in taxonomy: id-card-lanyards-badge-holders.,classification-review,yes,,,office-school-supplies,Office Supplies > General Office Supplies > Name Plates
8055492214883,1pcs-id-card-holder-lanyard-sealed-card-holder-waterproof-transparent-work-badge-horizontal-name-tag-luggage-tag-vertical-lanyard-card-holder-bank-card-credit-card-holder-with-lanyard,1pcs Id Card Holder Lanyard Sealed,card-holder-lanyards,Office & School Supplies,Office & School Supplies,ID Card Lanyards & Badge Holders,ID Card Lanyard & Badge Holder,unisex,96,yes,Trained knowledge model disagrees with checked-in taxonomy: id-card-lanyards-badge-holders.,classification-review,yes,,,office-school-supplies,Office Supplies > General Office Supplies > Name Plates
8066118746211,kids-pretend-play-toys-popular-kids-kitchen-toys-realistic-wooden-tea-set-party-toy-set,Kids Pretend Play Toys Popular Kids Kitchen Toys Realistic Wooden,serveware,Home & Decor,Kitchen & Cookware,Dining & Serveware,Serveware,kids,77,yes,single-evidence-lane,classification-review,yes,,,dining-essentials,Home & Garden > Kitchen & Dining > Tableware
8036978196579,green-leaf-string-lights-5-10m-artificial-ivy-vine-fairy-light-wedding-party-decoration-christmas-home-decor-wall-plant,Vine Fairy Light Decorative String Lights,artificial-plants,Home & Decor,Lighting & Decor,Home Decor,Artificial Plant Decor,unisex,77,yes,single-evidence-lane,classification-review | creator-essentials,yes,,,home-decor | decorative-accessories,Home & Garden > Decor
8055391780963,gamer-card-holder-lanyard-camera-neck-strap-credit-card-case-id-badge-holders-credentials-protection-card-holders,Gamer Card Holder Lanyard Camera Neck,card-holder-lanyards,Office & School Supplies,Office & School Supplies,ID Card Lanyards & Badge Holders,ID Card Lanyard & Badge Holder,unisex,96,yes,Trained knowledge model disagrees with checked-in taxonomy: id-card-lanyards-badge-holders.,classification-review | creator-essentials,yes,,,office-school-supplies,Office Supplies > General Office Supplies > Name Plates
8094189256803,new-herringbone-wool-trousers-mens-wool-suit-trousers-heavyweight-straight-leg-business-dad-trousers-autumn-winter-plus-size,Herringbone Wool Trousers Mens Suit,suits,Men,Men's Fashion,Suits & Formalwear,Suit,men,76,yes,single-evidence-lane,classification-review,yes,,,men-collection,Apparel & Accessories > Clothing > Suits
8036978098275,artificial-vine-fairy-lights-flower-green-leaf-string-lights-christmas-tree-garland-light-for-weeding-home-decor-battery-powered,Tree Garland Light Decorative String Lights,artificial-plants,Home & Decor,Lighting & Decor,Home Decor,Artificial Plant Decor,unisex,77,yes,single-evidence-lane,classification-review | creator-essentials,yes,,,home-decor | decorative-accessories,Home & Garden > Decor
8036978163811,artificial-vine-fairy-lights-green-leaf-string-battery-powered-christmas-garland-for-wedding-home-party-decor-2m-5m-10m-options,Lights Green Decorative String Lights,artificial-plants,Home & Decor,Lighting & Decor,Home Decor,Artificial Plant Decor,unisex,77,yes,single-evidence-lane,classification-review | creator-essentials,yes,,,home-decor | decorative-accessories,Home & Garden > Decor
8036977999971,green-leaf-string-lights-artificial-ivy-vine-fairy-light-garland-wedding-party-decoration-christmas-home-room-wall-hanging-plant,Vine Fairy Light Decorative String Lights,artificial-plants,Home & Decor,Lighting & Decor,Home Decor,Artificial Plant Decor,unisex,77,yes,single-evidence-lane,classification-review | creator-essentials,yes,,,home-decor | decorative-accessories,Home & Garden > Decor
8052546175075,laikou-milk-body-lotion-200g-deep-hydrating-smoothing-nourishing-shea-butter-daily-body-moisturizer,Laikou Milk Body Lotion 200g Deep,body-care,Beauty,Beauty & Skincare,Body Care,Body Care,unisex,96,yes,Trained knowledge model disagrees with checked-in taxonomy: body-lotions.,classification-review,yes,,,beauty-makeup-essentials,Health & Beauty > Personal Care > Cosmetics > Skin Care
8052557152355,men-tactical-bag-outdoor-travel-fuctional-tool-bag-gym-travel-collection-tool-bags-big-capacity-men-military-bags,Tactical Bag Outdoor Travel Fuctional Tool,tools-hardware,Home & Decor,Home & Car Accessories,Tools & Hardware,Tool & Hardware,men,75,yes,single-evidence-lane,classification-review,yes,,,garden-tools,Hardware > Tools
8066114355299,wooden-ice-cream-toys-playing-house-toy-diy-ice-cream-game-parent-child-interactive-board-games-gifts-for-boys-and-girls,Wooden Ice Cream Toys Playing House,board-games,Kids,Kids Toys & Games,Games & Puzzles,Board Game,kids,77,yes,single-evidence-lane,classification-review,yes,,,kids-toys-games,Toys & Games > Games
8036977377379,6-5inch-japanese-style-ceramic-ramen-bowl-with-lid-vintage-instant-noodle-bowl-750-ml-large-capacity-rice-bowl-restaurant,Men S Vintage Suit Set For Daily And Casual Outfit Styling Ceramic,suits,Men,Men's Fashion,Suits & Formalwear,Suit,men,76,yes,single-evidence-lane,classification-review,yes,,,men-collection,Apparel & Accessories > Clothing > Suits
8052546044003,lemon-brightening-body-lotion-gently-moisturizes-dry-skin-even-skin-tone-whitening-nourishing-lightening-body-cream,Lemon Brightening Body Lotion Gently Moisturizes,body-care,Beauty,Beauty & Skincare,Body Care,Body Care,unisex,96,yes,Trained knowledge model disagrees with checked-in taxonomy: body-lotions.,classification-review,yes,,,beauty-makeup-essentials,Health & Beauty > Personal Care > Cosmetics > Skin Care
8066111537251,electric-lucky-lottery-toy-number-picking-machine-mini-lottery-games-shake-lucky-ball-entertainment-board-game-party-games,Electric Lucky Lottery Toy Number Picking Machine Mini Lottery Games,board-games,Kids,Kids Toys & Games,Games & Puzzles,Board Game,unisex,77,yes,single-evidence-lane,classification-review,yes,,,kids-toys-games,Toys & Games > Games
8036973936739,6-8-manual-salt-and-pepper-grinder-solid-wood-spice-pepper-mill-with-strong-adjustable-ceramic-grinder-kitchen-cooking-tools,Adjustable Ceramic Grinder Kitchen Cooking Tools,kitchen-seasoning,Home & Decor,Kitchen & Cookware,Kitchen Gadgets,Seasoning & Dispenser Tool,unisex,75,yes,single-evidence-lane,classification-review,yes,,,kitchen-gadgets | dining-essentials,Home & Garden > Kitchen & Dining > Kitchen Tools & Utensils
8036976263267,led-solar-vine-string-lights-outdoor-waterproof-artificial-ivy-leaves-decor-fairy-lights-8-modes-for-christmas-garden-wedding,LED Solar Vine String Lights Outdoor Kitchen Dining Accessories,artificial-plants,Home & Decor,Lighting & Decor,Home Decor,Artificial Plant Decor,unisex,77,yes,single-evidence-lane,classification-review | creator-essentials,yes,,,home-decor | decorative-accessories,Home & Garden > Decor
8051178176611,2025-new-smartwatch-1-85-inch-display-high-definition-screen-android-os-4g-sim-card-180-rotating-camera-waterproof-wifi-gps,Display High Definition Screen Android Os,smart-watch,Watches,Watches,Smart Watches,Smart Watch,unisex,73,yes,single-evidence-lane,classification-review | creator-essentials,yes,,,portable-gadgets,Electronics > Electronics Accessories > Wearable Technology
8052541816931,popfeel-40-color-earth-tones-rainbow-shades-eyeshadow-palette-long-lasting-highly-pigmented-smooth-matte-and-shimmer-finish,Popfeel Color Earth Tones Rainbow Shades,eye-makeup,Beauty,Beauty & Skincare,Eye Makeup,Eye Makeup,unisex,73,yes,single-evidence-lane,classification-review,yes,,,eye-beauty-collection | beauty-makeup-essentials,Health & Beauty > Personal Care > Cosmetics > Eye Makeup
8052545945699,500ml-lansyade-aha-brightening-body-lotion-arbutin-moisturizing-firming-body-cream-vitamin-c-soften-skin-essence-lotion,500ML Lansyade Aha Brightening Body Lotion,body-care,Beauty,Beauty & Skincare,Body Care,Body Care,unisex,96,yes,Trained knowledge model disagrees with checked-in taxonomy: body-lotions.,classification-review,yes,,,beauty-makeup-essentials,Health & Beauty > Personal Care > Cosmetics > Skin Care
8066111045731,math-fidget-rotator-addition-subtraction-multiplication-and-division-games-for-learning-mathematics-and-educational-toys,Math Fidget Rotator Addition Subtraction Multiplication And Division,educational-toys,Kids,Kids Toys & Games,Educational Toys,Educational Toy,unisex,77,yes,single-evidence-lane,classification-review,yes,,,kids-toys-games,Toys & Games > Toys > Educational Toys
8036973838435,2pcs-electric-salt-and-pepper-grinder-rechargeable-automatic-mill-with-adjustable-coarseness-for-kitchen-use,Mill Adjustable Coarseness Kitchen,kitchen-seasoning,Home & Decor,Kitchen & Cookware,Kitchen Gadgets,Seasoning & Dispenser Tool,unisex,75,yes,single-evidence-lane,classification-review,yes,,,kitchen-gadgets | dining-essentials,Home & Garden > Kitchen & Dining > Kitchen Tools & Utensils
8052541751395,0-2-1g-eyeshadow-palette-round-monochromatic-case-small-25mm-portable-shadow-highlight-box-for-mini-cosmetic-sample,Palette Round Monochromatic Case Small 25mm,eye-makeup,Beauty,Beauty & Skincare,Eye Makeup,Eye Makeup,unisex,73,yes,single-evidence-lane,beauty-product | classification-review,yes,,,eye-beauty-collection | beauty-makeup-essentials,Health & Beauty > Personal Care > Cosmetics > Eye Makeup
8066107375715,press-and-go-aircraft-toys-for-toddlers-1-3-baby-animal-racing-cars-infant-play-vehicle-set-baby-push-go-friction-car-toys,Press And Go Aircraft Toys For Toddlers 1 3 Baby Animal Racing Cars,toy-vehicles,Kids,Kids Toys & Games,Toy Vehicles,Toy Vehicle,baby,77,yes,single-evidence-lane,classification-review,yes,,,kids-toys-games,Toys & Games > Toys
8052540735587,eye-glitter-shadow-powder-japanese-cosmetics-korean-makeup-eyeshadow-palettes-beauty-black-pressed-glitter-eyeshadow-palette,Eye Glitter Shadow Powder Japanese Cosmetics,eye-makeup,Beauty,Beauty & Skincare,Eye Makeup,Eye Makeup,unisex,73,yes,single-evidence-lane,classification-review,yes,,,eye-beauty-collection | beauty-makeup-essentials,Health & Beauty > Personal Care > Cosmetics > Eye Makeup
8066098954339,kids-play-kitchen-set-pretend-play-cooking-toys-set-kitchen-toys-playset-for-toddlers-cutting-board-apron-for-kids-kitchen,Kids Play Kitchen Set Pretend Play Cooking Toys Set Kitchen Toys,kitchen-food-prep,Home & Decor,Kitchen & Cookware,Kitchen Gadgets,Kitchen Food Prep Tool,kids,76,yes,single-evidence-lane,classification-review,yes,,,kitchen-gadgets,Home & Garden > Kitchen & Dining > Kitchen Tools & Utensils
8066106163299,gymnastics-toy-kit-gymnastics-challenge-game-for-parent-children-bonding-360-degrees-rotating-board-game-for-toddlers-boys-girls,Gymnastics Toy Kit Gymnastics Challenge Game For Parent Children,board-games,Kids,Kids Toys & Games,Games & Puzzles,Board Game,kids,77,yes,single-evidence-lane,classification-review,yes,,,kids-toys-games,Toys & Games > Games
8076874776675,bubbles-machine-electric-bubble-gun-large-small-bubbles-kids-toy-automatic-soap-blower-outdoor-party-games-children-gifts,Bubbles Machine Electric Bubble Gun Large Small Bubbles Kids Toy,bubble-toys,Kids,Kids Toys & Games,Bubble Toys,Bubble Toy,kids,96,yes,Trained knowledge model disagrees with checked-in taxonomy: bubble-electric-guns.,classification-review,yes,,,kids-toys-games,Toys & Games > Toys
8052520517731,makeup-bob-three-dimensional-thick-beautiful-eye-black-durable-waterproof-sweat-proof-non-smudging-black-package-in-english,Makeup Bob Three Dimensional Thick Beautiful,volumizing-mascaras,Beauty,Beauty & Skincare,Eye Makeup,Volumizing Mascara,unisex,77,yes,single-evidence-lane,classification-review | volumizing-mascara,yes,,,eye-beauty-collection | beauty-makeup-essentials,Health & Beauty > Personal Care > Cosmetics > Eye Makeup
8052540080227,daiseman-single-color-mineral-baked-powder-palette-smoky-makeup-pearl-contour-waterproof-sweatproof-eyeshadow-processing,Daiseman Single Color Mineral Baked Powder,eye-makeup,Beauty,Beauty & Skincare,Eye Makeup,Eye Makeup,unisex,73,yes,single-evidence-lane,classification-review,yes,,,eye-beauty-collection | beauty-makeup-essentials,Health & Beauty > Personal Care > Cosmetics > Eye Makeup
8052519600227,popfeel-hallowmas-lip-makeup-kit-black-lip-stick-black-lip-gloss-matte-lip-stick-long-lasting-1,Hallowmas Lip Makeup Kit Black Stick,lip-care-makeup,Beauty,Beauty & Skincare,Lip Care & Makeup,Lip Product,unisex,77,yes,single-evidence-lane,classification-review,yes,,,lips-and-care | beauty-makeup-essentials,Health & Beauty > Personal Care > Cosmetics > Lip Makeup
8052517437539,luxury-matte-lip-liner-long-lasting-smooth-application-for-perfect-outline-filling-versatile-shades-for-all-skin-types,Versatile Filling Machine For Mixing And Filling Tasks,lip-care-makeup,Beauty,Beauty & Skincare,Lip Care & Makeup,Lip Product,unisex,77,yes,single-evidence-lane,classification-review,yes,,,lips-and-care | beauty-makeup-essentials,Health & Beauty > Personal Care > Cosmetics > Lip Makeup
8052516814947,1-2-3-lint-brush-double-sided-lint-brush-clothes-fur-brush-pet-hair-remover-dust-brusher-electrostatic-dust-cleaner-hair-roller,Lint Brush Double Sided,grooming-tools,Beauty,Beauty & Skincare,Grooming Tools,Grooming Tool,pets,77,yes,single-evidence-lane,classification-review,yes,,,beauty-makeup-essentials,Health & Beauty > Personal Care > Shaving & Grooming
8076762513507,2026-desktop-calendar-creative-reusable-daily-weekly-schedule-organizers-office-home-decor-ornament-flipping-perpetual-calendars,Desktop Calendar Creative Reusable Weekly Schedule,notebooks-planners,Office & School Supplies,Office & School Supplies,Notebooks & Planners,Notebook & Planner,unisex,86,yes,Trained knowledge model disagrees with checked-in taxonomy: home-decor.,classification-review,yes,,,,Office Supplies > Notebooks & Notepads
8052505477219,lip-smacker-x-coca-cola-2-pack-lip-balms-long-lasting-moisturizing-perfect-as-a-gift-for-family-and-friends,Lip Smacker X Coca Cola Pack,lip-care-makeup,Beauty,Beauty & Skincare,Lip Care & Makeup,Lip Product,unisex,77,yes,single-evidence-lane,classification-review,yes,,,lips-and-care | beauty-makeup-essentials,Health & Beauty > Personal Care > Cosmetics > Lip Makeup
8076748750947,nordic-acrylic-perpetual-calendar-creative-desktop-wall-mounted-home-decor-ornament-for-living-room-bedroom,Nordic Acrylic Perpetual Calendar Creative Desktop Wall Mounted Home,notebooks-planners,Office & School Supplies,Office & School Supplies,Notebooks & Planners,Notebook & Planner,unisex,86,yes,Trained knowledge model disagrees with checked-in taxonomy: home-decor.,classification-review,yes,,,,Office Supplies > Notebooks & Notepads
8052504461411,lucas-papaw-ointment-multifunctional-lip-protector-hydrating-lip-balm-diaper-natural-plant-cream-papaya-cream-korean-cosmetics,Ointment Multifunctional Lip Protector Hydrating Balm,lip-care-makeup,Beauty,Beauty & Skincare,Lip Care & Makeup,Lip Product,unisex,77,yes,single-evidence-lane,classification-review,yes,,,lips-and-care | beauty-makeup-essentials,Health & Beauty > Personal Care > Cosmetics > Lip Makeup
8052502691939,1pc-chili-pepper-lip-plumper-oil-long-lasting-moisturizing-lip-gloss-serum-instant-volumising-essence-oil-lip-makeup-for-women,Lasting Moisturizing Lip Gloss,lip-care-makeup,Women,Women's Beauty & Skincare,Lip Care & Makeup,Lip Product,women,91,yes,Trained knowledge model disagrees with checked-in taxonomy: lip-plumper-oils.,classification-review,yes,,,lips-and-care | beauty-makeup-essentials,Health & Beauty > Personal Care > Cosmetics > Lip Makeup
8065667727459,2025-new-fashion-kids-moccasins-soft-bottom-children-flats-retro-classic-boys-girls-casual-shoes-soild-color-versatile-non-slip,2025 New Fashion Kids Moccasins Soft Bottom Children Flats Retro,shoes,Kids,Kids Wear,Shoes & Footwear,Shoes,kids,73,yes,single-evidence-lane,classification-review,yes,,,,Apparel & Accessories > Shoes
8052501413987,lip-hair-removal-cream-100g-coconut-oil-silk-texture-gentle-no-pain-formula-safe-for-sensitive-facial-skin,Cream 100g Coconut Oil Silk Texture,hair-removal-creams,Beauty,Beauty & Skincare,Grooming Tools,Hair Removal Cream,unisex,77,yes,single-evidence-lane,classification-review,yes,,,beauty-makeup-essentials,Health & Beauty > Personal Care > Shaving & Grooming
8065641447523,ienens-kids-baby-boys-clothing-girls-denim-jumpers-jeans-children-overalls-toddler-infant-playsuit-dungarees-trousers-1-4-years,Infant Playsuit Dungarees Trousers Years,trousers-pants,Kids,Kids Wear,Trousers & Pants,Pants,kids,87,yes,Trained knowledge model disagrees with checked-in taxonomy: kids-wear.,classification-review,yes,,,,Apparel & Accessories > Clothing > Pants
7739508719715,gutter-getter-scoop-flex-fit-cleaning-tool-for-gutters-gardens,Gutter Getter Scoop Flex Fit Cleaning,cleaning-tools,Home & Decor,Home & Car Accessories,Cleaning Tools,Cleaning Tool,unisex,73,yes,single-evidence-lane,classification-review,yes,,,cleaning-tools,Home & Garden > Household Supplies > Household Cleaning Supplies
8060554641507,vgr-v-353-shaver-professional-razor-electric-shaving-machine-portable-beard-trimmer-rechargeable-razor-mini-shaver-for-men,Vgr V Shaver Professional Razor Electric,grooming-tools,Men,Men's Beauty & Skincare,Grooming Tools,Grooming Tool,men,77,yes,single-evidence-lane,classification-review,yes,,,beauty-makeup-essentials,Health & Beauty > Personal Care > Shaving & Grooming
8060590030947,laptop-sleeve-bag-14-15-6-inch-notebook-pouch-for-shockproof-computer-briefcase-for-travel-laptop-case-handbag-briefcase-bag,Laptop Sleeve Bag Inch Notebook Pouch,laptop-sleeves,Electronic Accessories,Computer Accessories,Laptop Accessories,Laptop Sleeve,unisex,77,yes,single-evidence-lane,classification-review,yes,,,portable-gadgets,Electronics > Computers > Computer Accessories
8052482113635,popfeel-hallowmas-lip-makeup-kit-black-lip-stick-black-lip-gloss-matte-lip-stick-long-lasting,Hallowmas Lip Makeup Kit Black Stick,lip-care-makeup,Beauty,Beauty & Skincare,Lip Care & Makeup,Lip Product,unisex,77,yes,single-evidence-lane,classification-review,yes,,,lips-and-care | beauty-makeup-essentials,Health & Beauty > Personal Care > Cosmetics > Lip Makeup
8052484833379,48-clusters-flower-fairy-glueless-lower-lashes-segmented-natural-realistic-eyelashes-for-daily-makeup-beginners,Clusters Flower Fairy Glueless Lower Lashes,eye-makeup,Beauty,Beauty & Skincare,Eye Makeup,Eye Makeup,unisex,73,yes,single-evidence-lane,classification-review,yes,,,eye-beauty-collection | beauty-makeup-essentials,Health & Beauty > Personal Care > Cosmetics > Eye Makeup
8060554281059,rosyous-rs620-mens-shaving-machine-10000rpm-double-foil-blue-hypoallergenic-knife-net-electric-beard-trimmer-barber-shop,Rosyous Rs620 Mens Shaving Machine 10000rpm,grooming-tools,Men,Men's Beauty & Skincare,Grooming Tools,Grooming Tool,men,77,yes,single-evidence-lane,classification-review,yes,,,beauty-makeup-essentials,Health & Beauty > Personal Care > Shaving & Grooming
7733156642915,2pcs-electric-pepper-salt-grinder-set-battery-powered-adjustable-mill,Pepper Salt Kitchen Accessories,kitchen-seasoning,Home & Decor,Kitchen & Cookware,Kitchen Gadgets,Seasoning & Dispenser Tool,unisex,75,yes,single-evidence-lane,classification-review,yes,,,kitchen-gadgets | dining-essentials,Home & Garden > Kitchen & Dining > Kitchen Tools & Utensils
8060554084451,replaceable-shaving-head-for-one-blade-with-3-length-safety-comb-oneblade-beard-trimmer-heads-qp2630-qp2520-qp2834-qp6531-qp6520,Replaceable Shaving Head One Blade Length,grooming-tools,Beauty,Beauty & Skincare,Grooming Tools,Grooming Tool,unisex,77,yes,single-evidence-lane,classification-review,yes,,,beauty-makeup-essentials,Health & Beauty > Personal Care > Shaving & Grooming
8069097717859,kids-stationery-christmas-stationery-gift-set-eraser-suite-chrismas-gifts-pencil-set-kid-christmas-stationery-gifts-h8wd,Kids Stationery Christmas Stationery Gift Set Eraser Suite Chrismas,writing-supplies,Office & School Supplies,Office & School Supplies,Writing Supplies,Writing Supply,kids,72,yes,single-evidence-lane,classification-review,yes,,,,Office Supplies > Writing & Drawing Supplies
8050009702499,6pcs-set-women-fashion-telephone-wire-elastic-hair-band-colorful-printed-spiral-cord-rubber-band-hair-ties-hair-accessories-gift,6pcs Telephone Wire Elastic Hair Band,hair-accessories,Women,Women's Accessories,Hair Accessories,Hair Accessory,women,77,yes,single-evidence-lane,classification-review,yes,,,,Apparel & Accessories > Clothing Accessories > Hair Accessories
8051985842275,black-waterproof-sweat-proof-and-smudge-proof-eyeliner-creates-a-natural-look-and-glides-on-quickly-and-easily,Black Waterproof Sweat Proof Smudge,eye-makeup,Beauty,Beauty & Skincare,Eye Makeup,Eye Makeup,unisex,73,yes,single-evidence-lane,classification-review,yes,,,eye-beauty-collection | beauty-makeup-essentials,Health & Beauty > Personal Care > Cosmetics > Eye Makeup
8059451179107,motocross-knee-pads-moto-knee-protection-motorcycle-kneepads-protector-off-road-racing-protective-gear-motorbike-knee-pads,Motorcycle Kneepads Protector,sports-protection,Sports & Fitness,Fitness Equipment,Sports Protection,Sports Protective Gear,unisex,75,yes,single-evidence-lane,classification-review,yes,,,,Sporting Goods > Athletics
8068263608419,electric-piano-musical-instruments-61-key-electric-digital-key-board-piano-musical-instruments-kids-with-microphone,61 Key Digital Keyboard And Electronic Piano For Kids,keyboard,Electronic Accessories,Mouse & Keyboard,Keyboards,Keyboard,kids,73,yes,single-evidence-lane,classification-review | creator-essentials,yes,,,portable-gadgets,Electronics > Computers > Computer Accessories > Keyboards
8050008883299,corsets-for-women-wide-belt-gothic-slimming-sheath-flat-belly-white-corset-elastic-high-waist-faux-leather-black-belts-korsett,Unisex High Waist Suit Set For Daily And Casual Outfit Styling,suits,Women,Women's Fashion,Suits & Formalwear,Suit,women,76,yes,single-evidence-lane,classification-review,yes,,,,Apparel & Accessories > Clothing > Suits
8051985743971,silicone-eyeliner-brush-waterproof-non-smudge-eyeliner-auxiliary-tool-eyeliner-1,Waterproof Makeup Brush For Beauty Organization And Makeup Use,beauty-tools,Beauty,Beauty & Skincare,Beauty Tools,Beauty Tool,unisex,73,yes,single-evidence-lane,classification-review,yes,,,beauty-makeup-essentials,Health & Beauty > Personal Care > Cosmetics
8051985776739,1-2pcs-eyeliner-eyebrow-brush-eyeliner-guide-tools-easy-no-skip-eyeliner-gel-reusable-eyeliner-for-shaky-hands-eyeliner-2025-new,Reusable 2 Piece Makeup Brush For Beauty Organization And Makeup Use,beauty-tools,Beauty,Beauty & Skincare,Beauty Tools,Beauty Tool,unisex,73,yes,single-evidence-lane,classification-review,yes,,,beauty-makeup-essentials,Health & Beauty > Personal Care > Cosmetics
8059448819811,summer-lip-moisturizing-lip-balm-care-15ml-lip-balm-smoothing-lip-lines-lasting-nourishment-for-women-daily-care-makeup-lipcare,Lip Moisturizing Balm Care 15ML,lip-care-makeup,Women,Women's Beauty & Skincare,Lip Care & Makeup,Lip Product,women,77,yes,single-evidence-lane,classification-review,yes,,,lips-and-care | beauty-makeup-essentials,Health & Beauty > Personal Care > Cosmetics > Lip Makeup
8059450523747,rolling-knee-protection-pad-with-wheels-built-in-foam-padded-per-platform-laying-tile-or-vinyl-auto-repair-protecting-knees,Rolling Knee Protection Pad Wheels Built,rolling-knee-protection-pads,Home & Decor,Home & Car Accessories,Home Repair Tools,Rolling Knee Protection Pad,unisex,77,yes,single-evidence-lane,classification-review | rolling-knee-protection-pad,yes,,,home-decor,Hardware > Tools > Work Supports
8068261970019,hot-new-1-2-3-4-9-key-keyboard-toys-crystal-keycap-keychain-stress-relief-fingertip-gadget-decompression-toys-clicker-toy,Keyboard Keychain Fidget Clicker Toy For Desk Use,keyboard-fidget-keychains,Kids,Kids Toys & Games,Fidget Toys,Keyboard Fidget Keychain,unisex,77,yes,single-evidence-lane,classification-review,yes,,,kids-toys-games,Toys & Games > Toys
8048949264483,hair-care-moroccan-pure-argan-oil-essential-oil-for-dry-hair-types-multi-functional-care-products-for-woman-1,Moroccan Pure Argan Oil Essential Dry,essential-oils,Health & Wellness,Health & Wellness,Aromatherapy & Essential Oils,Essential Oil,women,77,yes,single-evidence-lane,classification-review,yes,,,health-wellness,Health & Beauty > Personal Care
8051985547363,1pc-eyeliner-guide-tools-easy-no-skip-eyeliner-gel-reusable-silicone-eyeliner-brush-eyeliner-for-shaky-hands-beginer-makeup,Reusable Makeup Brush For Beauty Organization And Makeup Use,beauty-tools,Beauty,Beauty & Skincare,Beauty Tools,Beauty Tool,unisex,73,yes,single-evidence-lane,classification-review,yes,,,beauty-makeup-essentials,Health & Beauty > Personal Care > Cosmetics
8059448721507,moisturizing-and-soothing-cream-80ml-repairs-barrier-improves-dry-and-peeling-skin-deeply-hydrates-and-soothes-face,Moisturizing Soothing Cream 80ML Repairs Barrier,skin-barrier-repair-creams,Beauty,Beauty & Skincare,Skincare,Skin Barrier Repair Cream,unisex,77,yes,single-evidence-lane,classification-review | skin-barrier-repair-cream,yes,,,beauty-makeup-essentials,Health & Beauty > Personal Care > Cosmetics > Skin Care
8068261511267,2026-new-case-for-realme-budsair8-pro-for-realme-buds-air-7-pro-for-realme-buds-air6-pro-silicone-earbuds-protective-sleeve-1,Silicone Protective Case For Realme Buds Air 7 Pro,realme-earbuds-protective-cases,Electronic Accessories,Covers & Cases,Earbuds Cases,Earbuds Protective Case,unisex,77,yes,single-evidence-lane,classification-review | creator-essentials,yes,,,covers-cases | portable-gadgets,"Electronics > Electronics Accessories > Cases, Covers & Skins"
8066159050851,4-8pcs-mini-condiment-squeeze-bottles-25ml-honey-ketchup-soy-sauce-salad-dressing-dispensers-lunchbox-squeezable-containers-jars,4 8pcs Mini Condiment Squeeze Bottles 25ML Honey Ketchup Soy Sauce,food-storage-containers,Home & Decor,Kitchen & Cookware,Food Storage Containers,Food Storage Container,unisex,73,yes,single-evidence-lane,classification-review,yes,,,dining-essentials,Home & Garden > Kitchen & Dining > Food Storage
8071268761699,a-copy-one-hundred-pages-self-stick-lined-notes-colorful-portable-memo-pads-for-office-home-school-easy-to-apply-notepad,A Copy One Hundred Pages Self Stick Lined Notes Colorful Portable,sticky-notes,Office & School Supplies,Office & School Supplies,Writing Supplies,Sticky Notes & Memo Pad,unisex,76,yes,single-evidence-lane,classification-review,yes,,,,Office Supplies > Paper Products > Note Cards
8055360913507,2025-mens-sport-outfit-fashionable-mens-and-womens-casual-suit-hooded-sweatshirt-outdoor-winter-spring-sport-hooded-sweats,Mens Sport Outfit Womens Casual Suit,hoodies-sweaters,Men,Men's Fashion,Hoodies & Sweaters,Hoodie & Sweater,men,72,yes,single-evidence-lane,classification-review,yes,,,men-collection,Apparel & Accessories > Clothing > Outerwear
8036975312995,12-piece-gold-stainless-steel-knife-and-fork-set-machine-washable-suitable-for-kitchen-and-restaurant-use,12 Piece Industrial Machine For Mixing And Filling Tasks,dining,Home & Decor,Kitchen & Cookware,Dining & Serveware,Dining Accessory,unisex,71,yes,single-evidence-lane,classification-review,yes,,,dining-essentials,Home & Garden > Kitchen & Dining > Tableware
8071268991075,75-sheets-of-plande-note-book-can-be-torn-student-study-memo-hand-account-non-adhesive-notepad-blank-note-book-pocket-stationery,75 Sheets Of Plande Note Book Can Be Torn Student Study Memo Hand,notebooks-planners,Office & School Supplies,Office & School Supplies,Notebooks & Planners,Notebook & Planner,unisex,72,yes,single-evidence-lane,classification-review,yes,,,,Office Supplies > Notebooks & Notepads
8037093408867,1pc-foldable-oxford-cloth-storage-box-dustproof-household-clothes-organizer-with-transparent-window-for-home-use,Dustproof Household Clothes Organizer Transparent Window,home-storage,Home & Decor,Home Storage & Organization,Storage & Organization,Home Organizer,unisex,73,yes,single-evidence-lane,classification-review | Travel and outdoor,yes,,,storage-organization,Home & Garden > Household Supplies > Storage & Organization
8009809723491,foot-callus-remover-tool-stainless-steel-pedicure-scraper-file,Foot Callus Remover Tool Stainless Steel,nail-care,Women,Women's Beauty & Skincare,Nail Tools,Nail Care,women,72,yes,single-evidence-lane,classification-review | rings | Women skincare,yes,,,beauty-makeup-essentials,Health & Beauty > Personal Care > Cosmetics > Nail Care
8058393264227,hair-growth-treatment-strengthens-hair-nourishes-scalp-light-weight-non-greasy-improve-scalp-circulation,Nourishes Scalp Light,hair-care,Beauty,Beauty & Skincare,Hair Care,Hair Care,unisex,76,yes,single-evidence-lane,classification-review,yes,,,beauty-makeup-essentials,Health & Beauty > Personal Care > Hair Care
8052557054051,men-single-shoulder-bag-fashion-collect-storage-bag-shoulder-bags-business-leisure-storage-women-crossbody-bag-men-shoulder-bag,Single Shoulder Bag Collect Storage,home-storage,Home & Decor,Home Storage & Organization,Storage & Organization,Home Organizer,men,73,yes,single-evidence-lane,classification-review,yes,,,storage-organization,Home & Garden > Household Supplies > Storage & Organization
8060590719075,laptop-inner-bag-11-13-14-15-16-17-inch-computer-bag-protective-cover-front-pocket-can-hold-power-multifunctional-laptop-bag,Laptop Inner Bag Inch Computer Protective,laptop-accessory,Electronic Accessories,Computer Accessories,Laptop Accessories,Laptop Accessory,unisex,76,yes,single-evidence-lane,classification-review,yes,,,portable-gadgets,Electronics > Computers > Computer Accessories
7705848807523,rose-bear-artificial-foam-teddy-bear-valentines-gift,Rose Bear Artificial Foam Teddy,soft-toys,Kids,Soft Toys,Plush & Soft Toys,Soft Toy,unisex,77,yes,single-evidence-lane,classification-review,yes,,,soft-toys,Toys & Games > Toys > Stuffed Animals
8066115338339,interlock-toys-cognition-games-brainteasers-games-developmental-toys-interactive-games-3d-metal-puzzle-brain-teaser-puzzles,Interlock Toys Cognition Games Brainteasers Games Developmental Toys,board-games,Kids,Kids Toys & Games,Games & Puzzles,Board Game,unisex,73,yes,single-evidence-lane,classification-review,yes,,,kids-toys-games,Toys & Games > Games
8059443282019,fashionable-womens-rain-poncho-hooded-outdoor-travel-waterproof-packable-rain-coat-rainwear-1,Womens Rain Poncho Hooded Outdoor Travel,jackets-coats,Women,Women's Fashion,Jackets & Coats,Jacket & Coat,women,72,yes,single-evidence-lane,classification-review,yes,,,,Apparel & Accessories > Clothing > Outerwear
8066111078499,soccer-game-mat-set-outdoor-indoor-soccer-toys-multiplayer-competitive-soccer-games-children-football-training-boy-gifts,Soccer Game Mat Set Outdoor Indoor Soccer Toys Multiplayer,fitness-equipment,Sports & Fitness,Fitness Equipment,Fitness & Training,Fitness Equipment,kids,72,yes,single-evidence-lane,classification-review,yes,,,,Sporting Goods > Exercise & Fitness
8058393526371,50g-170g-got-2b-spray-human-hair-styling-gel-got2b-spray-glued-freeze-spray-ultra-glued-invincible-styling-got2b-strong-hair-gel,50g 170g Got 2b Spray Human,hair-care,Beauty,Beauty & Skincare,Hair Care,Hair Care,unisex,76,yes,single-evidence-lane,classification-review,yes,,,beauty-makeup-essentials,Health & Beauty > Personal Care > Hair Care
8052554498147,contacts-genuine-leather-business-bags-for-men-luxury-designer-briefcase-office-bag-male-tote-laptop-bags-for-14-macbook-pro,Designer Briefcase Office Bag Male Tote,laptop-accessory,Electronic Accessories,Computer Accessories,Laptop Accessories,Laptop Accessory,men,76,yes,single-evidence-lane,classification-review,yes,,,portable-gadgets,Electronics > Computers > Computer Accessories
8036977803363,1-4pcs-artificial-silk-peony-rose-flower-outdoor-yard-party-wedding-bridal-bouquet-home-room-dining-table-vase-wall-centerpieces,4pcs Artificial Silk Peony Rose Flower,home-furniture,Home & Decor,Lighting & Decor,Furniture,Home Furniture,unisex,76,yes,single-evidence-lane,classification-review,yes,,,home-decor,Home & Garden > Furniture
8058376487011,250ml-old-ginger-juice-hair-shampoo-professional-hair-scalp-treatment-oil-control-dense-anti-hair-loss,Hair Scalp Treatment Oil Control Dense,hair-care,Beauty,Beauty & Skincare,Hair Care,Hair Care,unisex,72,yes,single-evidence-lane,classification-review | Hair Shampoo,yes,,,beauty-makeup-essentials,Health & Beauty > Personal Care > Hair Care
8066115600483,mathematics-early-childhood-toys-baby-educational-number-games-childrens-montessori-education-fun-learning,Mathematics Early Childhood Toys Baby Educational Number Games,educational-toys,Kids,Kids Toys & Games,Educational Toys,Educational Toy,baby,73,yes,single-evidence-lane,classification-review,yes,,,kids-toys-games,Toys & Games > Toys > Educational Toys
8051856572515,smooth-liquid-foundation-moisturizing-bb-cream-long-lasting-oil-control-cc-cream-waterproof-and-sweat-proof-even-skin-tone,Cream Long Lasting Oil Control Cc,face-makeup,Beauty,Beauty & Skincare,Face Makeup,Face Makeup,unisex,73,yes,single-evidence-lane,Beauty and Makeups | classification-review,yes,,,blush-glow | beauty-makeup-essentials,Health & Beauty > Personal Care > Cosmetics > Face Makeup
8052554563683,double-zipper-men-bags-genuine-leather-men-briefcase-bag-business-leather-laptop-bag-shoulder-fashion-office-male-handbag-large,Genuine Leather Briefcase Bag Business Laptop,laptop-accessory,Electronic Accessories,Computer Accessories,Laptop Accessories,Laptop Accessory,men,76,yes,single-evidence-lane,classification-review,yes,,,portable-gadgets,Electronics > Computers > Computer Accessories
8051856769123,body-care-cream-gentle-formula-care-for-the-skin-comfortable-joints-daily-external-application-absorption-massage-cream,Body Care Cream Gentle Formula,massage-wellness,Health & Wellness,Health & Wellness,Massage & Recovery,Massage & Recovery Tool,unisex,71,yes,single-evidence-lane,Beauty and Makeups | classification-review,yes,,,massage-tools | posture-support,Health & Beauty > Health Care
8097457471587,retro-chinese-ceramic-flower-tea-tray-ornaments-home-decoration-vase-ceramic-vases-for-decoration-plant-pots,Retro Chinese Ceramic Flower Tea Tray Ornaments Home Decoration Vase,plant-pots,Home & Decor,Lighting & Decor,Planters & Garden Decor,Planter,unisex,77,yes,single-evidence-lane,classification-review,yes,,,home-decor | garden-tools,Home & Garden > Lawn & Garden > Gardening > Planters
8060579905635,laptop-case-for-hp-elitebook-x360-1030-g7-g8-13-3-inch-sleeve-pu-detachable-notebook-cover-bag-protective-stylus-gift,Laptop Case Hp Elitebook X360 G7,book-covers,Office & School Supplies,Office & School Supplies,Notebooks & Planners,Book Cover,unisex,77,yes,single-evidence-lane,classification-review,yes,,,,Office Supplies > Notebooks & Notepads
8066115207267,soccer-game-mat-set-outdoor-indoor-soccer-toys-multiplayer-competitive-soccer-games-children-football-training-boy-gifts-1,Soccer Game Mat Set Outdoor Indoor Soccer Toys Multiplayer,fitness-equipment,Sports & Fitness,Fitness Equipment,Fitness & Training,Fitness Equipment,kids,72,yes,single-evidence-lane,classification-review,yes,,,,Sporting Goods > Exercise & Fitness
7744579338339,strong-magnetic-hooks-multi-purpose-storage-for-home-kitchen,Multi Use Kitchen Tool For Daily Kitchen Use And Daily,kitchen-gadgets,Home & Decor,Kitchen & Cookware,Kitchen Gadgets,Kitchen Gadget,unisex,76,yes,single-evidence-lane,classification-review,yes,,,kitchen-gadgets,Home & Garden > Kitchen & Dining > Kitchen Tools & Utensils
8058381860963,hair-volumizing-control-powder-root-lift-long-lasting-fullness-all-day-styling-oil-free-oil-control-formula-for-women-2,All Day Styling Oil Free Control,hair-care,Women,Women's Beauty & Skincare,Hair Care,Hair Care,women,76,yes,single-evidence-lane,classification-review,yes,,,beauty-makeup-essentials,Health & Beauty > Personal Care > Hair Care
8058382024803,garlic-hair-growth-oil-100ml-hair-regrowth-serum-for-thinning-hair-scalp-root-care-anti-hair-loss-fuller-thicker-hair-unisex,"Garlic Hair and Scalp Oil, 100ml",hair-care,Beauty,Beauty & Skincare,Hair Care,Hair Care,unisex,76,yes,single-evidence-lane,classification-review,yes,,,beauty-makeup-essentials,Health & Beauty > Personal Care > Hair Care
7746744615011,stretchable-grafting-tape-pe-film-for-fruit-garden-plants,Stretchable Grafting Tape Pe Film Fruit,garden-tools,Home & Decor,Home & Car Accessories,Garden & Tools,Garden,unisex,70,yes,single-evidence-lane,classification-review,yes,,,garden-tools,Home & Garden > Lawn & Garden > Gardening
8058377568355,african-layden-oil-made-by-ancient-methods-grow-your-hair-faster-longer-visible-results-stop-breakage-promotes-hair-growth,African Layden Oil Made Ancient Methods,hair-care,Beauty,Beauty & Skincare,Hair Care,Hair Care,unisex,76,yes,single-evidence-lane,classification-review,yes,,,beauty-makeup-essentials,Health & Beauty > Personal Care > Hair Care
8055602118755,business-casual-two-button-suit-mens-sets-solid-color-slim-fit-suit-blazer-and-full-length-pants-formal-two-pieces-set-clothing,Casual Two Button Suit Mens Solid,trousers-pants,Men,Men's Fashion,Trousers & Pants,Pants,men,73,yes,single-evidence-lane,classification-review,yes,,,men-collection,Apparel & Accessories > Clothing > Pants
8058394017891,ginger-hair-cream-deep-cleansing-promote-hair-growth-relieving-hair-loss-improving-scalp-stimulate-hair-follicle-smoothing-care,Ginger Hair Cream Deep Cleansing Promote,hair-care,Beauty,Beauty & Skincare,Hair Care,Hair Care,unisex,76,yes,single-evidence-lane,classification-review,yes,,,beauty-makeup-essentials,Health & Beauty > Personal Care > Hair Care
8053910437987,extra-large-travel-duffle-bags-foldable-oxford-moving-tote-airline-checked-luggage-waterproof-storage-water-resistant-heavy-duty,Foldable Oxford Moving Tote Airline Checked,travel-bags,Camping & Travel Essentials,Travel Essentials,Travel Bags & Luggage,Travel Bag,unisex,77,yes,single-evidence-lane,classification-review,yes,,,travel-organizers,Luggage & Bags > Luggage
8094227071075,waterproof-fixed-deposit-book-easy-and-fun-multi-pockets-budget-bill-organizer-save-money-with-password-lock,Pockets Budget Bill Organizer Save Money,books-learning,Office & School Supplies,Office & School Supplies,Books & Learning,Book,unisex,72,yes,single-evidence-lane,classification-review,yes,,,,Media > Books
8066118090851,kids-cooking-set-safe-kitchen-knives-cookie-and-crinkle-cutters-for-cooking-early-learning-kitchen-tools-fruits-vegetables-tool,Kids Cooking Set Safe Kitchen Knives Cookie And Crinkle Cutters For,kitchen-gadgets,Home & Decor,Kitchen & Cookware,Kitchen Gadgets,Kitchen Gadget,kids,76,yes,single-evidence-lane,classification-review,yes,,,kitchen-gadgets,Home & Garden > Kitchen & Dining > Kitchen Tools & Utensils
7744583762019,mechanical-kitchen-scale-restaurant-cooking-food-weighing-tool,Kitchen Tool For Daily Kitchen Use And Daily Use,kitchen-gadgets,Home & Decor,Kitchen & Cookware,Kitchen Gadgets,Kitchen Gadget,unisex,76,yes,single-evidence-lane,classification-review,yes,,,kitchen-gadgets,Home & Garden > Kitchen & Dining > Kitchen Tools & Utensils
8076880052323,toilet-pee-bottle-emergency-portable-kids-urinal-outdoor-car-travel-shrinkable-600-750ml-anti-leakage-boy-girl-training-potty,Toilet Pee Bottle Emergency Portable Kids Urinal Outdoor Car Travel,fitness-equipment,Sports & Fitness,Fitness Equipment,Fitness & Training,Fitness Equipment,kids,72,yes,single-evidence-lane,classification-review,yes,,,,Sporting Goods > Exercise & Fitness
8058382778467,multipurpose-coconut-oil-for-hair-skin-makeup-removal-natural-moisturizing-nourishing-pure-cold-pressed-coconut-oil,Multipurpose Coconut Oil Hair Skin Makeup,carrier-oils,Beauty,Beauty & Skincare,Body Care,Carrier Oil,unisex,77,yes,single-evidence-lane,classification-review,yes,,,beauty-makeup-essentials,Health & Beauty > Personal Care > Cosmetics > Skin Care
8059447345251,50ml-male-gel-water-soluble-titan-male-massage-ointment-for-external-use-long-lasting-moisturizing,50ML Male Gel Water Soluble Titan,massage-wellness,Health & Wellness,Health & Wellness,Massage & Recovery,Massage & Recovery Tool,men,71,yes,single-evidence-lane,classification-review | Moisturizer,yes,,,massage-tools | posture-support,Health & Beauty > Health Care
7746744549475,garden-water-nozzle-car-wash-yard-sprayer-multifunctional-tool,Car Wash Yard Sprayer Multifunctional Tool,garden-tools,Home & Decor,Home & Car Accessories,Garden & Tools,Garden,unisex,70,yes,single-evidence-lane,classification-review,yes,,,garden-tools,Home & Garden > Lawn & Garden > Gardening
8055451451491,spring-summer-and-autumn-mens-new-washable-cotton-flat-top-sun-proof-military-cap-outdoor-adjustable-sunshade-duckbill-cap,Spring Summer Autumn Mens Washable Cotton,hats-caps,Men,Men's Accessories,Hats & Caps,Hat,men,71,yes,single-evidence-lane,classification-review,yes,,,hats,Apparel & Accessories > Clothing Accessories > Hats
8059442659427,mens-hair-wax-for-styling-strong-hold-moisturizing-light-scent-retro-look-hair-styling-product,Strong Hold Moisturizing Light Scent Retro,hair-care,Men,Men's Beauty & Skincare,Hair Care,Hair Care,men,76,yes,single-evidence-lane,classification-review | Moisturizer,yes,,,beauty-makeup-essentials,Health & Beauty > Personal Care > Hair Care
8066117107811,childrens-beach-toy-set-suitable-for-boys-and-girls-to-play-outdoors-with-sand-summer-gardening-digging-toys-gifts,Children S Beach Toy Set Suitable For Boys And Girls To Play,garden-tools,Home & Decor,Home & Car Accessories,Garden & Tools,Garden,kids,70,yes,single-evidence-lane,classification-review,yes,,,garden-tools,Home & Garden > Lawn & Garden > Gardening
8051911491683,light-flawless-and-transparent-makeup-setting-powder-waterproof-and-easy-to-take-off-natural-makeup-holding-and-setting-powder,Light Flawless Transparent Makeup Setting,face-makeup,Beauty,Beauty & Skincare,Face Makeup,Face Makeup,unisex,77,yes,single-evidence-lane,Beauty and Makeups | classification-review,yes,,,blush-glow | beauty-makeup-essentials,Health & Beauty > Personal Care > Cosmetics > Face Makeup
8051858800739,2-in-1-radiate-beauty-with-air-cushion-bb-cream-liquid-foundation-moisturizing-nourished-clear-complexion-lightweight-cushion,Radiate Beauty Air Cushion Bb Cream,face-makeup,Beauty,Beauty & Skincare,Face Makeup,Face Makeup,unisex,73,yes,single-evidence-lane,Beauty and Makeups | classification-review,yes,,,blush-glow | beauty-makeup-essentials,Health & Beauty > Personal Care > Cosmetics > Face Makeup
8058379042915,horse-care-oil-instant-detangler-smoothing-mane-conditioner-plant-based-horsehair-oil-for-all-breeds-and-foals-shining-detangling-spray-suitable-for-braiding-bun-making-performances-and-daily-grooming,Horse Care Oil Instant Detangler Smoothing,hair-care,Beauty,Beauty & Skincare,Hair Care,Hair Care,unisex,72,yes,single-evidence-lane,classification-review,yes,,,beauty-makeup-essentials,Health & Beauty > Personal Care > Hair Care
8094226612323,a5-password-book-with-alphabetical-tabs-password-keeper-book-website-address-internet-password-logbook-password-notebook,A5 Password Book With Alphabetical Tabs Password Keeper Book Website,notebooks-planners,Office & School Supplies,Office & School Supplies,Notebooks & Planners,Notebook & Planner,unisex,72,yes,single-evidence-lane,classification-review,yes,,,,Office Supplies > Notebooks & Notepads
8052546928739,120pcs-hypoallergenic-waterproof-alcohol-free-skin-patches-adorable-panda-design-perfect-for-covering-pimples-and-skin-blemi,Waterproof 120 Piece Pimple Patches For Daily Beauty Routines,acne-patches,Beauty,Beauty & Skincare,Skincare,Acne Patch,unisex,77,yes,single-evidence-lane,classification-review,yes,,,beauty-makeup-essentials,Health & Beauty > Personal Care > Cosmetics > Skin Care
8058381041763,batana-oil-unrefined-raw-for-hair-growth-enhance-efficacy-for-thicker-strength-moisturize-the-scalp-add-moisture-and-nutrition,Batana Oil Unrefined Raw,hair-care,Beauty,Beauty & Skincare,Hair Care,Hair Care,unisex,76,yes,single-evidence-lane,classification-review,yes,,,beauty-makeup-essentials,Health & Beauty > Personal Care > Hair Care
8059447476323,hair-moisturizing-spray-reduces-frizz-enhances-hair-smoothness-remove-grease-dandruff-dry-hair-treatment-hair-smoothing-spray,Hair Moisturizing Spray Reduces Frizz Enhances,hair-care,Beauty,Beauty & Skincare,Hair Care,Hair Care,unisex,76,yes,single-evidence-lane,classification-review | Moisturizer,yes,,,beauty-makeup-essentials,Health & Beauty > Personal Care > Hair Care
8097532149859,meshpot-orchid-pot-with-holes-saucers-plant-pots-for-indoor-and-outdoor-wind-worn-texture-cutout-promoting-air-circulation,Meshpot Orchid Pot Holes Saucers Plant,plant-pots,Home & Decor,Lighting & Decor,Planters & Garden Decor,Planter,unisex,77,yes,single-evidence-lane,classification-review,yes,,,home-decor | garden-tools,Home & Garden > Lawn & Garden > Gardening > Planters
8052556857443,office-leisure-nylon-shoulder-bag-men-and-women-are-suitable-for-multiple-pockets-cell-phone-money-documents-storage-bag,Leisure Nylon Shoulder Bag Are Suitable,home-storage,Home & Decor,Home Storage & Organization,Storage & Organization,Home Organizer,men,73,yes,single-evidence-lane,classification-review,yes,,,storage-organization,Home & Garden > Household Supplies > Storage & Organization
8055598907491,new-womens-suit-3-pieces-lady-business-office-suits-slim-fit-women-tuxedo-casual-suits-for-women-blazer-vest-pants,Womens Suit Pieces Lady Business Office,trousers-pants,Women,Women's Fashion,Trousers & Pants,Pants,women,73,yes,single-evidence-lane,classification-review,yes,,,,Apparel & Accessories > Clothing > Pants
8058383138915,100ml-olive-oil-curly-hair-mousse-for-women-strong-hold-anti-frizz-wig-styling-foam-haircare-product,100ML Olive Oil Curly Hair Mousse,hair-care,Women,Women's Beauty & Skincare,Hair Care,Hair Care,women,72,yes,single-evidence-lane,classification-review,yes,,,beauty-makeup-essentials,Health & Beauty > Personal Care > Hair Care
7750015909987,automatic-aromatherapy-diffuser-car-home-air-freshner,Automatic Aromatherapy Diffuser Car Air Freshner,car-fragrance,Automotive,Vehicle Accessories,Car Air Fresheners & Fragrance,Car Fragrance,unisex,77,yes,single-evidence-lane,classification-review | Perfume,yes,,,car-accessories,Vehicles & Parts > Vehicle Parts & Accessories
8052554170467,men-leather-briefcase-large-capacity-business-handbag-messenger-bags-male-vintage-shoulder-bag-mens-14-15-6-inch-laptop-bags,Male Vintage Shoulder Bag Mens Inch,laptop-accessory,Electronic Accessories,Computer Accessories,Laptop Accessories,Laptop Accessory,men,76,yes,single-evidence-lane,classification-review,yes,,,portable-gadgets,Electronics > Computers > Computer Accessories
8058370916451,20pcs-natural-hair-growth-inhibitor-oil-long-lasting-reduction-with-jojoba-almond-oil-for-smooth-silky-skin-all-skin-types,Inhibitor Oil Long Lasting,hair-care,Beauty,Beauty & Skincare,Hair Care,Hair Care,unisex,76,yes,single-evidence-lane,classification-review,yes,,,beauty-makeup-essentials,Health & Beauty > Personal Care > Hair Care
8058392477795,hair-growth-oil-nourishing-scalp-repairing-strengthening-preventing-hair-loss-dry-damaged-frizz-control-men-women-hair-products,Oil Nourishing Scalp Repairing,hair-care,Men,Men's Beauty & Skincare,Hair Care,Hair Care,men,76,yes,single-evidence-lane,classification-review,yes,,,beauty-makeup-essentials,Health & Beauty > Personal Care > Hair Care
8076732006499,nordic-style-cofee-table-tiny-cute-cream-style-creative-storage-side-table-light-luxury-round-wonen-living-room-furniture,Nordic Style Cofee Table Tiny Cute Cream Style Creative Storage Side,home-furniture,Home & Decor,Lighting & Decor,Furniture,Home Furniture,unisex,76,yes,single-evidence-lane,classification-review,yes,,,home-decor,Home & Garden > Furniture
8059439612003,fashionable-womens-rain-poncho-hooded-outdoor-travel-waterproof-packable-rain-coat-rainwear,Womens Rain Poncho Hooded Outdoor Travel,jackets-coats,Women,Women's Fashion,Jackets & Coats,Jacket & Coat,women,72,yes,single-evidence-lane,classification-review,yes,,,,Apparel & Accessories > Clothing > Outerwear
8071268958307,unique-decor-gift-desk-decor-english-aluminum-alloy-for-home-calendar-100-years-calendar-perpetual-calendar-metal-calendar,Unique Decor Gift Desk Decor English Aluminum Alloy For Home,notebooks-planners,Office & School Supplies,Office & School Supplies,Notebooks & Planners,Notebook & Planner,unisex,72,yes,single-evidence-lane,classification-review,yes,,,,Office Supplies > Notebooks & Notepads
8051921879139,1pcs-reusable-puff-powder-subpackage-empty-loose-powder-jars-white-cap-macaron-dispersion-powder-box-mini-5g-cosmetics-container,1pcs Reusable Puff Powder Subpackage Empty,loose-face-powders,Beauty,Beauty & Skincare,Face Makeup,Loose Face Powder,unisex,77,yes,single-evidence-lane,Beauty and Makeups | classification-review,yes,,,blush-glow | beauty-makeup-essentials,Health & Beauty > Personal Care > Cosmetics > Face Makeup
8051911622755,maycheer-brand-powder-compact-for-women-long-lasting-natural-finish-loose-powder-foundation-makeup,Maycheer Brand Powder Compact Long Lasting,loose-face-powders,Women,Women's Beauty & Skincare,Face Makeup,Loose Face Powder,women,77,yes,single-evidence-lane,Beauty and Makeups | classification-review,yes,,,blush-glow | beauty-makeup-essentials,Health & Beauty > Personal Care > Cosmetics > Face Makeup
7750002638947,semicircle-plant-stakes-flower-vine-support-for-gardening,Semicircle Plant Stakes Flower Vine Support,garden-tools,Home & Decor,Home & Car Accessories,Garden & Tools,Garden,unisex,70,yes,single-evidence-lane,classification-review,yes,,,garden-tools,Home & Garden > Lawn & Garden > Gardening
8051973816419,2-colors-easy-bake-loose-powder-brightening-correcting-duo-longlasting-oil-control-natural-face-waterproof-brightening-makeup,Correcting Duo Longlasting Oil Control Natural,loose-face-powders,Beauty,Beauty & Skincare,Face Makeup,Loose Face Powder,unisex,77,yes,single-evidence-lane,Beauty and Makeups | classification-review,yes,,,blush-glow | beauty-makeup-essentials,Health & Beauty > Personal Care > Cosmetics > Face Makeup
8052501348451,lip-plumping-essence-oil-color-changing-lip-beauty-essence-nourishing-moisturising-sexy-lip-care-fade-lines-plumping-lip-serum,Lip Plumping Essence Oil Color Changing,lip-plumper-oils,Beauty,Beauty & Skincare,Lip Care & Makeup,Lip Plumper Oil,unisex,77,yes,single-evidence-lane,Beauty and Makeups | classification-review,yes,,,lips-and-care | beauty-makeup-essentials,Health & Beauty > Personal Care > Cosmetics > Lip Makeup
7704067506275,40-piece-everyday-square-dinnerware-set-for-dining-table,Piece Square Dinner Set,home-furniture,Home & Decor,Lighting & Decor,Furniture,Home Furniture,unisex,76,yes,single-evidence-lane,classification-review,yes,,,home-decor,Home & Garden > Furniture
8039687225443,transparent-glass-vases-hydroponic-plants-flower-arrangement-bottle-mini-retro-striped-vase-home-room-dinner-table-decor,Plants Flower Arrangement Bottle Mini Retro,home-decor,Home & Decor,Lighting & Decor,Home Decor,Home Decor,unisex,68,yes,single-evidence-lane,classification-review,yes,,,home-decor | decorative-accessories | wall-art,Home & Garden > Decor
8097450950755,warm-velvet-bedspread-mattress-cover-winter-plush-elastic-fitted-sheet-double-bed-sheet-soft-bed-protector-90-120-150-180-200,Warm Velvet Bedspread Mattress Cover Winter Plush Elastic Fitted,bedding-linens,Home & Decor,"Bedsheets, Handlooms & Towels",Bedding & Linens,Bedding & Linen,unisex,76,yes,single-evidence-lane,classification-review,yes,,,,Home & Garden > Linens & Bedding
8066119860323,childrens-health-care-theme-combination-notes-simple-simulation-set-strong-sticky-notepad-can-tear-ordinary-post-it,Children S Health Care Theme Combination Notes Simple Simulation Set,notebooks-planners,Office & School Supplies,Office & School Supplies,Notebooks & Planners,Notebook & Planner,kids,72,yes,single-evidence-lane,classification-review,yes,,,,Office Supplies > Notebooks & Notepads
7751279083619,portable-pill-cutter-with-invisible-storage-box,Portable Pill Pill Cutter,home-storage,Home & Decor,Home Storage & Organization,Storage & Organization,Home Organizer,unisex,73,yes,single-evidence-lane,classification-review,yes,,,storage-organization,Home & Garden > Household Supplies > Storage & Organization
8076880412771,150ml-baby-infant-learning-drinking-bottles-creative-wine-glass-shaped-kids-toldder-nursing-bottle-feeding-goblet-duckbill-cup,150ML Baby Infant Learning Drinking Bottles Creative Wine Glass,dining,Home & Decor,Kitchen & Cookware,Dining & Serveware,Dining Accessory,baby,71,yes,single-evidence-lane,classification-review,yes,,,dining-essentials,Home & Garden > Kitchen & Dining > Tableware
8059444756579,mens-hair-wax-for-styling-strong-hold-moisturizing-light-scent-retro-look-hair-styling-product-1,Strong Hold Moisturizing Light Scent Retro,hair-care,Men,Men's Beauty & Skincare,Hair Care,Hair Care,men,76,yes,single-evidence-lane,classification-review | Moisturizer,yes,,,beauty-makeup-essentials,Health & Beauty > Personal Care > Hair Care
8051918864483,5-colors-matte-full-coverage-pressed-powder-foundation-24h-fresh-wear-matte-weightless-finishing-powder-cosmetic-face-makeup,Colors Matte Full Coverage Pressed Powder,face-makeup,Beauty,Beauty & Skincare,Face Makeup,Face Makeup,unisex,73,yes,single-evidence-lane,Beauty and Makeups | classification-review,yes,,,blush-glow | beauty-makeup-essentials,Health & Beauty > Personal Care > Cosmetics > Face Makeup
8066182512739,shaker-to-adjust-milk-tea-tool-snowg-glass-glass-wine-set-hand-cranked-cocktail-pot-304-stainless-steel-bartender-set,Shaker To Adjust Milk Tea Tool Snowg Glass Glass Wine Set Hand,cookware,Home & Decor,Kitchen & Cookware,Cookware,Cookware,unisex,73,yes,single-evidence-lane,classification-review,yes,,,cookware,Home & Garden > Kitchen & Dining > Cookware & Bakeware
8055392731235,mens-waterproof-sportswear-tracksuit-sweat-sports-outfit-long-sleeve-front-zip-up-hooded-jacket-built-in-briefs-boxer-shorts,Tracksuit Sweat Sports Outfit Long Sleeve,lingerie-underwear,Men,Men's Fashion,Lingerie & Underwear,Lingerie & Underwear,men,73,yes,single-evidence-lane,classification-review,yes,,,,Apparel & Accessories > Clothing > Underwear & Socks
8052558332003,fashion-men-crossbody-bag-single-shoulder-bags-big-capacity-storage-bag-multi-pockets-business-crossbody-bags-for-work-traveling,Crossbody Bag Single Shoulder Bags Big,home-storage,Home & Decor,Home Storage & Organization,Storage & Organization,Home Organizer,men,73,yes,single-evidence-lane,classification-review,yes,,,storage-organization,Home & Garden > Household Supplies > Storage & Organization
8059444297827,moisturizing-cream-gel-300ml-ultrasonic-rf-3-kinds-safe-for-massager-beauty-device-lifting-tighten-rejuvenation-body-slimming-1,Moisturizing Cream Gel 300ML Ultrasonic Rf,massage-wellness,Health & Wellness,Health & Wellness,Massage & Recovery,Massage & Recovery Tool,unisex,71,yes,single-evidence-lane,classification-review | Moisturizer,yes,,,massage-tools | posture-support,Health & Beauty > Health Care
8055362486371,men-running-shorts-summer-sportswear-male-football-clothing-gym-fitness-tracksuit-jogging-training-shorts-sport-short-pant-men,Gym Fitness Accessory For Stretching And Fitness Routines,trousers-pants,Men,Men's Fashion,Trousers & Pants,Pants,men,73,yes,single-evidence-lane,classification-review,yes,,,men-collection,Apparel & Accessories > Clothing > Pants
8094217666659,40-pages-mini-lovely-seashell-loose-leaf-hand-ledger-handmades-small-seashell-notebook-portable-for-women-girls-birthday-gift,40 Pages Mini Lovely Seashell Loose Leaf Hand Ledger Handmades Small,notebooks-planners,Office & School Supplies,Office & School Supplies,Notebooks & Planners,Notebook & Planner,kids,72,yes,single-evidence-lane,classification-review,yes,,,,Office Supplies > Notebooks & Notepads
8076876447843,baby-musical-pacifier-rattle-toys-early-educational-feeding-bottle-soft-teether-light-soothing-shaker-newborn,Baby Musical Pacifier Rattle Toys Early Educational Feeding Bottle,baby-care,Kids,Baby Care,Baby Care Essentials,Baby Care Product,baby,72,yes,single-evidence-lane,classification-review,yes,,,baby-care,Baby & Toddler > Baby Care
7735056793699,32-piece-black-plastic-wheat-straw-tableware-set,Piece Black Kitchen Accessories,dining,Home & Decor,Kitchen & Cookware,Dining & Serveware,Dining Accessory,unisex,71,yes,single-evidence-lane,classification-review,yes,,,dining-essentials,Home & Garden > Kitchen & Dining > Tableware
8094220746851,warm-light-clip-on-rechargeable-led-book-light-brightness-adjustable-eye-care-book-lamp-for-kids-student-dormitories-reading,Warm Light Clip Rechargeable LED Book,reading-lights,Home & Decor,Lighting & Decor,Lamps & Lighting,Reading Light,kids,77,yes,single-evidence-lane,classification-review,yes,,,wall-lights | decorative-lamps,Home & Garden > Lighting
8059452063843,1pair-knee-protection-pad-tile-mud-workers-knee-paste-floor-brick-artifacts-moisture-thickening-brick-garden-manual-work-tools,1pair Knee Protection Pad Tile Mud,garden-tools,Home & Decor,Home & Car Accessories,Garden & Tools,Garden,unisex,70,yes,single-evidence-lane,classification-review,yes,,,garden-tools,Home & Garden > Lawn & Garden > Gardening
7738895466595,rose-pink-silk-peony-bouquet-bride-wedding-home-decoration-artificial-flower,Rose Pink Silk Peony Bouquet Bride,home-decor,Home & Decor,Lighting & Decor,Home Decor,Home Decor,unisex,72,yes,single-evidence-lane,classification-review,yes,,,home-decor | decorative-accessories | wall-art,Home & Garden > Decor
8066106687587,children-counting-and-sorting-toys-pom-poms-rainbow-colors-plastic-bowls-tweezers-fine-motor-skill-chidlren-learning-toys,Children Counting And Sorting Toys Pom Poms Rainbow Colors Plastic,educational-toys,Kids,Kids Toys & Games,Educational Toys,Educational Toy,kids,77,yes,single-evidence-lane,classification-review,yes,,,kids-toys-games,Toys & Games > Toys > Educational Toys
8094234607715,50ml-aroma-reed-diffuser-oil-for-home-car-air-freshener-room-deodorizer-gardenia-osmanthus-perfume-long-lasting-fragrance,Gardenia Osmanthus Perfume,car-fragrance,Automotive,Vehicle Accessories,Car Air Fresheners & Fragrance,Car Fragrance,unisex,77,yes,single-evidence-lane,classification-review,yes,,,car-accessories,Vehicles & Parts > Vehicle Parts & Accessories
8051906379875,2025-man-mechanical-watches-for-men-sport-analog-automatic-wristwatches-with-silicone-strap-stainless-steel-waterproof-reloj,Wristwatches Silicone Strap,traditional-watch,Watches,Watches,Fashion Watches,Watch,men,73,yes,single-evidence-lane,classification-review,yes,,,,Apparel & Accessories > Jewelry > Watches
8051974144099,beauty-blend-blur-body-kabuki-brush-extra-large-vegan-bristles-self-tanner-brush-professional-blending-applicator-foundation,Beauty Blend Blur Body Kabuki Brush,face-makeup,Beauty,Beauty & Skincare,Face Makeup,Face Makeup,unisex,73,yes,single-evidence-lane,Beauty and Makeups | classification-review,yes,,,blush-glow | beauty-makeup-essentials,Health & Beauty > Personal Care > Cosmetics > Face Makeup
8068228186211,10pcs-lunch-boxes-compartments-with-lids-disposable-bento-boxes-kitchen-storage-bento-fruit-takeaway-food-containers,10pcs Lunch Boxes Compartments With Lids Disposable Bento Boxes,food-storage-containers,Home & Decor,Kitchen & Cookware,Food Storage Containers,Food Storage Container,unisex,77,yes,single-evidence-lane,classification-review,yes,,,dining-essentials,Home & Garden > Kitchen & Dining > Food Storage
8097532280931,2tiers-foldable-bamboo-shoe-rack-multi-tier-shoe-organizer-rack-multifunctional-storage-free-standing-shelf-for-shoes-plant-pots,2tiers Foldable Bamboo Shoe Rack Multi Tier Shoe Organizer Rack,plant-pots,Home & Decor,Lighting & Decor,Planters & Garden Decor,Planter,unisex,77,yes,single-evidence-lane,classification-review,yes,,,home-decor | garden-tools,Home & Garden > Lawn & Garden > Gardening > Planters
8058384220259,5-days-hair-growth-oil-biotin-caffeine-rosemary-nourishing-for-thin-hair-to-look-fuller,Days Oil Biotin Caffeine,hair-care,Beauty,Beauty & Skincare,Hair Care,Hair Care,unisex,76,yes,single-evidence-lane,classification-review,yes,,,beauty-makeup-essentials,Health & Beauty > Personal Care > Hair Care
8051910377571,pool-water-clarifier-100ml-clears-cloudy-water-settles-bottom-dirt-restores-crystal-clear-blue-water-for-cleaner-better-swim,Pool Water Clarifier 100ML Clears Cloudy,cleaning-tools,Home & Decor,Home & Car Accessories,Cleaning Tools,Cleaning Tool,unisex,69,yes,single-evidence-lane,Beauty and Makeups | classification-review,yes,,,cleaning-tools,Home & Garden > Household Supplies > Household Cleaning Supplies
8051858636899,lakerain-centella-color-changing-cc-cream-high-coverage-moisturizing-liquid-foundation-korean-face-base-makeup,Lakerain Centella Color Changing Cc Cream,face-makeup,Beauty,Beauty & Skincare,Face Makeup,Face Makeup,unisex,73,yes,single-evidence-lane,Beauty and Makeups | classification-review,yes,,,blush-glow | beauty-makeup-essentials,Health & Beauty > Personal Care > Cosmetics > Face Makeup
8051182108771,ladies-gold-plated-watch-women-bracelet-quartz-wristwatch-girl-analog-feminino-relojes-hour-luxury-watches-elegant-casual-clock,Plated Watch Bracelet,watch-band,Watches,Watches,Watch Bands & Straps,Watch Band,women,77,yes,single-evidence-lane,classification-review | Women watches,yes,,,portable-gadgets,Electronics > Electronics Accessories > Wearable Technology
8051910312035,clear-sight-anti-fog-spray-eyeglass-lens-cleaner-long-lasting-defogger-for-eye-glasses-mirrors-plastic-windows,Clear Sight Anti Fog Spray Eyeglass,cleaning-tools,Home & Decor,Home & Car Accessories,Cleaning Tools,Cleaning Tool,unisex,69,yes,single-evidence-lane,Beauty and Makeups | classification-review,yes,,,cleaning-tools,Home & Garden > Household Supplies > Household Cleaning Supplies
8066117206115,kids-chore-chart-with-10-papers-chore-chart-plastic-checklist-board-diy-to-do-list-for-home-routine-planning-blank-paper,Kids Chore Chart With 10 Papers Chore Chart Plastic Checklist Board,craft-diy,Office & School Supplies,Office & School Supplies,Craft & DIY Supplies,Craft Supply,kids,69,yes,single-evidence-lane,classification-review,yes,,,,Arts & Entertainment > Hobbies & Creative Arts
8076733284451,decor-gift-silver-desk-decor-for-home-english-office-supplies-100-years-calendar-perpetual-calendar-calendar-metal-calendar,Decor Gift Silver Desk Decor For Home English Office Supplies 100,notebooks-planners,Office & School Supplies,Office & School Supplies,Notebooks & Planners,Notebook & Planner,unisex,72,yes,single-evidence-lane,classification-review,yes,,,,Office Supplies > Notebooks & Notepads
8037093474403,oxford-cloth-roll-portable-pouch-bag-wrench-tool-foldable-spanner-hammer-camping-pocket-tool-storage-bag-toolkit,Roll Portable Pouch Bag Wrench Tool,home-storage,Home & Decor,Home Storage & Organization,Storage & Organization,Home Organizer,unisex,73,yes,single-evidence-lane,classification-review | Travel and outdoor,yes,,,storage-organization,Home & Garden > Household Supplies > Storage & Organization
8053935898723,reusable-grocery-bags-foldable-shopping-storage-tote-waterproof-nylon-cloth-travel-container-portable-duffle-bag-home-organizer,Shopping Storage Tote,travel-bags,Camping & Travel Essentials,Travel Essentials,Travel Bags & Luggage,Travel Bag,men,77,yes,single-evidence-lane,classification-review | Men bags and wallets,yes,,,travel-organizers,Luggage & Bags > Luggage
8058390642787,men-hair-replacement-100-human-hair-mono-base-6-inch-short-pu-edge-lace-mesh-with-clips-fully-hand-tied-off-black-wig,Men's Short Black Hair Replacement Wig with Clips,mens-hair-replacement-wigs,Men,Men's Beauty & Skincare,Hair Care,Men's Hair Replacement Wig,men,77,yes,single-evidence-lane,classification-review,yes,,,beauty-makeup-essentials,Health & Beauty > Personal Care > Hair Care
8094230085731,cpi-password-keeper-book-computer-password-organizer-book-with-alphabetical-tabs-pocket-address-log-notebook-for-account-details,Cpi Password Keeper Book Computer Password Organizer Book,notebooks-planners,Office & School Supplies,Office & School Supplies,Notebooks & Planners,Notebook & Planner,unisex,72,yes,single-evidence-lane,classification-review,yes,,,,Office Supplies > Notebooks & Notepads
8097450066019,waterproof-mattress-pad-cover-breathable-washable-bedspreads-healthy-anti-bacteria-anti-mite-fitted-double-bed-sheet-160x200,Waterproof Mattress Pad Cover Breathable Washable Bedspreads Healthy,bedding-linens,Home & Decor,"Bedsheets, Handlooms & Towels",Bedding & Linens,Bedding & Linen,unisex,76,yes,single-evidence-lane,classification-review,yes,,,,Home & Garden > Linens & Bedding
8052541882467,40-colors-glitter-eyeshadow-palette-matte-waterproof-long-lasting-pressed-powder-cosmetics-kit-fashion-women-eye-makeup-palette,Pressed Powder Cosmetics Kit Eye Makeup,face-makeup,Women,Women's Beauty & Skincare,Face Makeup,Face Makeup,women,77,yes,single-evidence-lane,classification-review | Eyeshadow palette and tools,yes,,,blush-glow | beauty-makeup-essentials,Health & Beauty > Personal Care > Cosmetics > Face Makeup
8051858866275,avocado-mushroom-head-air-cushion-cc-cream-moisturizing-long-lasting-and-hydrating-concealer-bb-cream-for-brightening-skin,Avocado Mushroom Head Air Cushion Cc,face-makeup,Beauty,Beauty & Skincare,Face Makeup,Face Makeup,unisex,73,yes,single-evidence-lane,Beauty and Makeups | classification-review,yes,,,blush-glow | beauty-makeup-essentials,Health & Beauty > Personal Care > Cosmetics > Face Makeup
8051859521635,cica-cc-cream-anti-redness-color-correcting-foundation-moisturizing-barrier-care-soothing-skinification-makeup-base-tinted-cream,Cica Cc Cream Anti Redness Color,face-makeup,Beauty,Beauty & Skincare,Face Makeup,Face Makeup,unisex,73,yes,single-evidence-lane,Beauty and Makeups | classification-review,yes,,,blush-glow | beauty-makeup-essentials,Health & Beauty > Personal Care > Cosmetics > Face Makeup
8076876775523,bolttle-lovely-animals-creative-gift-outdoor-portable-sports-cycling-camping-hiking-bicycle-school-kids-water-bottle,Bolttle Lovely Animals Creative Gift Outdoor Portable Sports Cycling,cycling-water-bottles,Home & Decor,Kitchen & Cookware,Drinkware,Cycling Water Bottle,kids,77,yes,single-evidence-lane,classification-review,yes,,,dining-essentials,Home & Garden > Kitchen & Dining > Kitchen Appliances > Water Bottles
8098810986595,newborn-clothes-spring-and-autumn-0-18m-gentleman-style-handsome-formal-dress-party-cotton-comfortable-long-sleeved-babyjumpsuit,Gentleman Handsome Formal Dress Party Cotton,baby-rompers-clothing,Kids,Kids Wear,Baby Rompers & Clothing,Baby Romper & Clothing,baby,73,yes,single-evidence-lane,classification-review,yes,,,kids-wear,Apparel & Accessories > Clothing > Baby & Toddler Clothing
8058376552547,rosemary-hair-growth-oil-anti-hairs-loss-treatment-mint-hair-strengthening-oil-nourishing-roots-regrowth-hair-for-men-women-50ml,Rosemary Oil Anti Hairs,hair-care,Men,Men's Beauty & Skincare,Hair Care,Hair Care,men,76,yes,single-evidence-lane,classification-review,yes,,,beauty-makeup-essentials,Health & Beauty > Personal Care > Hair Care
8066108653667,fidget-anti-stress-toys-for-children-adult-offices-stress-relieving-toys-autism-sensory-toys-boys-girls-stress-relief-toys-gifts,Fidget Anti Stress Toys For Children Adult Offices Stress Relieving,educational-toys,Kids,Kids Toys & Games,Educational Toys,Educational Toy,kids,77,yes,single-evidence-lane,classification-review,yes,,,kids-toys-games,Toys & Games > Toys > Educational Toys
8066150367331,mini-portable-protein-powder-bottles-with-keychain-health-funnel-medicine-bottle-small-water-cup-outdoor-sport-storage,Health Funnel Medicine Bottle Small Water,key-ring,Fashion,Fashion Accessories,Keychains & Key Rings,Key Ring,unisex,73,yes,single-evidence-lane,classification-review,yes,,,,Luggage & Bags > Luggage Accessories
8049806770275,fashion-hair-accessories-womens-premium-hairs-cord-headflower-french-headwear-elegant-ribbon-hair-ties-women-hair-accessories,Floral Elegant Unisex Hair Tie For Hair Styling And Outfit Detail,hair-care,Women,Women's Beauty & Skincare,Hair Care,Hair Care,women,76,yes,single-evidence-lane,classification-review | Hair accessories | women accessories,yes,,,beauty-makeup-essentials,Health & Beauty > Personal Care > Hair Care
8051911458915,powder-spray-bottle-180ml-loose-powder-box-highlight-sequins-spray-bottle-portable-bottle-talcum-body-powder-bottle-portable,Powder Spray Bottle 180ML Loose Box,loose-face-powders,Beauty,Beauty & Skincare,Face Makeup,Loose Face Powder,unisex,77,yes,single-evidence-lane,Beauty and Makeups | classification-review,yes,,,blush-glow | beauty-makeup-essentials,Health & Beauty > Personal Care > Cosmetics > Face Makeup
8068229562467,premium-lunch-boxes-with-sturdy-strap-for-easy-grip-sandwiches-burger-food-containers-for-holiday-picnics-kitchen-storage-box,Lunch Boxes With Sturdy Strap For Easy Grip Sandwiches Burger Food,food-storage-containers,Home & Decor,Kitchen & Cookware,Food Storage Containers,Food Storage Container,unisex,77,yes,single-evidence-lane,classification-review,yes,,,dining-essentials,Home & Garden > Kitchen & Dining > Food Storage
8076876841059,water-botlte-flat-bpa-free-sport-clear-plastic-crystal-drinks-kettle-notebook-milk-juice-transparent-drinkware-birthday-gift-1,Water Botlte Flat Bpa Free Sport Clear Plastic Crystal Drinks Kettle,notebooks-planners,Office & School Supplies,Office & School Supplies,Notebooks & Planners,Notebook & Planner,unisex,72,yes,single-evidence-lane,classification-review,yes,,,,Office Supplies > Notebooks & Notepads
8051859325027,cc-red-correction-cream-liquid-based-full-coverage-cream-waterproof-long-lasting-correct-redness-foundation-korean-face-cosmetic,Cc Red Correction Cream Liquid Based,face-makeup,Beauty,Beauty & Skincare,Face Makeup,Face Makeup,unisex,73,yes,single-evidence-lane,Beauty and Makeups | classification-review,yes,,,blush-glow | beauty-makeup-essentials,Health & Beauty > Personal Care > Cosmetics > Face Makeup
8094225465443,a6-password-log-book-with-alphabetical-tabs-spiral-bound-password-organizer-for-home-office-personal-use,Spiral Bound Password Organizer Office Personal,books-learning,Office & School Supplies,Office & School Supplies,Books & Learning,Book,unisex,72,yes,single-evidence-lane,classification-review,yes,,,,Media > Books
8094231363683,password-keeper-book-computer-password-organizer-book-with-alphabetical-tabs-pocket-address-log-notebook-for-account-details-2,Password Keeper Book Computer Password Organizer Book,notebooks-planners,Office & School Supplies,Office & School Supplies,Notebooks & Planners,Notebook & Planner,unisex,72,yes,single-evidence-lane,classification-review,yes,,,,Office Supplies > Notebooks & Notepads
8052517175395,removes-lint-from-clothes-pet-hair-removal-roller-removes-hairs-cat-hair-brush-take-out-of-clothes-for-cleaning-remover-tools,Removes Lint Clothes Pet Hair Removal,hair-styling-tools,Beauty,Beauty & Skincare,Hair Care,Hair Styling Tool,pets,76,yes,single-evidence-lane,classification-review | women accessories,yes,,,beauty-makeup-essentials,Health & Beauty > Personal Care > Hair Care
8051182469219,new-hot-sale-oval-beautiful-ladies-vintage-wristwatches-for-female-girl-student-cute-elegant-small-women-watches-with-pearl,Hot Oval Beautiful Ladies Vintage Wristwatches,traditional-watch,Watches,Watches,Fashion Watches,Watch,women,73,yes,single-evidence-lane,classification-review | Women watches,yes,,,,Apparel & Accessories > Jewelry > Watches
8055366549603,free-shipping-mens-clothes-summertime-mens-vest-sleeveless-sexy-gym-clothes-breathable-sportswear-boythor,Free Shipping Mens Clothes Summertime,fitness-equipment,Sports & Fitness,Fitness Equipment,Fitness & Training,Fitness Equipment,men,72,yes,single-evidence-lane,classification-review,yes,,,,Sporting Goods > Exercise & Fitness
8098836086883,out-of-stock-out-of-stock-out-of-stock-out-of-stock-out-of-stockout-of-stock-out-of-stock-out-of-stock,Out of Stock Placeholder Listing,unavailable-placeholder-products,General Merchandise,Catalog Operations,Unavailable Placeholders,Unavailable Product Placeholder,unisex,77,yes,single-evidence-lane,classification-review,yes,,,,
8059440562275,moisturizing-cream-gel-300ml-ultrasonic-rf-3-kinds-safe-for-massager-beauty-device-lifting-tighten-rejuvenation-body-slimming,Moisturizing Cream Gel 300ML Ultrasonic Rf,massage-wellness,Health & Wellness,Health & Wellness,Massage & Recovery,Massage & Recovery Tool,unisex,71,yes,single-evidence-lane,classification-review | Moisturizer,yes,,,massage-tools | posture-support,Health & Beauty > Health Care
8076873236579,water-botlte-flat-bpa-free-sport-clear-plastic-crystal-drinks-kettle-notebook-milk-juice-transparent-drinkware-birthday-gift,Water Botlte Flat Bpa Free Sport Clear Plastic Crystal Drinks Kettle,notebooks-planners,Office & School Supplies,Office & School Supplies,Notebooks & Planners,Notebook & Planner,unisex,72,yes,single-evidence-lane,classification-review,yes,,,,Office Supplies > Notebooks & Notepads
7705215631459,can-opener-adjustable-stainless-steel-non-slip-manual-jar-bottle-bottle-lid-opener-gadget-home-kitchen-professional-gadgets-tool,Slip Manual Jar Bottle Lid Opener,kitchen-gadgets,Home & Decor,Kitchen & Cookware,Kitchen Gadgets,Kitchen Gadget,unisex,76,yes,single-evidence-lane,classification-review,yes,,,kitchen-gadgets,Home & Garden > Kitchen & Dining > Kitchen Tools & Utensils
8052558823523,men-crossbody-bag-single-shoulder-bags-big-capacity-storage-bag-fashion-multi-pockets-business-crossbody-bags,Crossbody Bag Single Shoulder Bags Big,home-storage,Home & Decor,Home Storage & Organization,Storage & Organization,Home Organizer,men,73,yes,single-evidence-lane,classification-review,yes,,,storage-organization,Home & Garden > Household Supplies > Storage & Organization
8048947265635,women-clutches-pu-leather-crossbody-bags-for-female-shoulder-messenger-bag-laptop-bag-for-macbook-pouch-bag-big-ladies-handbag,Shoulder Messenger Bag,laptop-accessory,Electronic Accessories,Computer Accessories,Laptop Accessories,Laptop Accessory,women,76,yes,single-evidence-lane | Trained knowledge model disagrees with checked-in taxonomy: bags-general.,classification-review,yes,,,portable-gadgets,Electronics > Computers > Computer Accessories
8094225367139,potentate-300gsm-24-sheets-watercolor-hand-account-book-pad-paper-sketch-notebook-water-color-handbook-art-drawing-book-paper,Potentate 300gsm 24 Sheets Watercolor Hand Account Book Pad Paper,notebooks-planners,Office & School Supplies,Office & School Supplies,Notebooks & Planners,Notebook & Planner,unisex,72,yes,single-evidence-lane,classification-review,yes,,,,Office Supplies > Notebooks & Notepads
8055454105699,spring-summer-and-autumn-mens-new-washable-cotton-flat-top-sun-proof-military-cap,Spring Summer Autumn Mens Washable Cotton,hats-caps,Men,Men's Accessories,Hats & Caps,Hat,men,71,yes,single-evidence-lane,classification-review,yes,,,hats,Apparel & Accessories > Clothing Accessories > Hats
8066110816355,matching-game-for-children-simulation-repair-tools-cognition-cards-models-montessori-language-materials-pretend-play-game,Matching Game For Children Simulation Repair Tools Cognition Cards,educational-toys,Kids,Kids Toys & Games,Educational Toys,Educational Toy,kids,73,yes,single-evidence-lane,classification-review,yes,,,kids-toys-games,Toys & Games > Toys > Educational Toys
7705215696995,stainless-steel-beer-bottle-opener-metal-medicine-oral-liquid-bottle-opener-multifunction-opener-kitchen-tool-gadgets,Stainless Steel Beer Bottle Opener Metal,kitchen-gadgets,Home & Decor,Kitchen & Cookware,Kitchen Gadgets,Kitchen Gadget,unisex,76,yes,single-evidence-lane,classification-review,yes,,,kitchen-gadgets,Home & Garden > Kitchen & Dining > Kitchen Tools & Utensils
8076842696803,lunch-boxes-67-six-seven-6-7-funny-italian-brainrot-merch-food-box-ins-trendy-thermal-cooler-bento-box-for-school-1,Lunch Boxes 67 Six Seven 6 7 Funny Italian Brainrot Merch Food Box,food-storage-containers,Home & Decor,Kitchen & Cookware,Food Storage Containers,Food Storage Container,unisex,77,yes,single-evidence-lane,classification-review,yes,,,dining-essentials,Home & Garden > Kitchen & Dining > Food Storage
8051859652707,cc-cream-30ml-moisturizing-natural-brightening-concealer-lasting-non-removal-non-cake-powder-repair-concealer-liquid,Cc Cream 30ML Moisturizing Natural Brightening,face-makeup,Beauty,Beauty & Skincare,Face Makeup,Face Makeup,unisex,73,yes,single-evidence-lane,Beauty and Makeups | classification-review,yes,,,blush-glow | beauty-makeup-essentials,Health & Beauty > Personal Care > Cosmetics > Face Makeup
8066093875299,toys-for-children-robot-science-creative-inventions-motor-ability-of-children-active-thinking-diy-electronic-kit-technology-toys,Toys For Children Robot Science Creative Inventions Motor Ability Of,craft-diy,Office & School Supplies,Office & School Supplies,Craft & DIY Supplies,Craft Supply,kids,69,yes,single-evidence-lane,classification-review,yes,,,,Arts & Entertainment > Hobbies & Creative Arts
8052558921827,men-briefcase-bag-business-famous-brand-leather-shoulder-messenger-bags-waterproof-office-handbag-15-inch-laptop-bag,Briefcase Bag Business Famous Brand Leather,laptop-accessory,Electronic Accessories,Computer Accessories,Laptop Accessories,Laptop Accessory,men,76,yes,single-evidence-lane,classification-review,yes,,,portable-gadgets,Electronics > Computers > Computer Accessories
7832804065379,ceiling-fan-cleaner-duster-2-detachable-dusting-heads-with-extension-pole,Ceiling Fan Fan Accessories,cleaning-tools,Home & Decor,Home & Car Accessories,Cleaning Tools,Cleaning Tool,unisex,69,yes,single-evidence-lane,classification-review,yes,,,cleaning-tools,Home & Garden > Household Supplies > Household Cleaning Supplies
7832804130915,ceiling-fan-cleaner-duster-extendable-dust-removal-brush,Ceiling Fan Fan Accessories,cleaning-tools,Home & Decor,Home & Car Accessories,Cleaning Tools,Cleaning Tool,unisex,69,yes,single-evidence-lane,classification-review,yes,,,cleaning-tools,Home & Garden > Household Supplies > Household Cleaning Supplies
8052558987363,mens-briefcase-minimalist-business-shoulder-bag-mens-messenger-bag-large-capacity-office-tote-14-inch-laptop-bag,Minimalist Business Shoulder Bag Mens Messenger,laptop-accessory,Electronic Accessories,Computer Accessories,Laptop Accessories,Laptop Accessory,men,76,yes,single-evidence-lane,classification-review,yes,,,portable-gadgets,Electronics > Computers > Computer Accessories
8076734234723,2026-mini-desktop-calendar-office-home-desktop-decoration-portable-schedule-organizer-new-years-gift,Decoration Portable Schedule Organizer Years Gift,notebooks-planners,Office & School Supplies,Office & School Supplies,Notebooks & Planners,Notebook & Planner,unisex,72,yes,single-evidence-lane,classification-review,yes,,,,Office Supplies > Notebooks & Notepads
8094215929955,20-pieces-of-antique-black-and-white-film-frame-film-pet-transparent-pasting-ledger-material-junk-journal-supplies,20 Pieces Of Antique Black And White Film Frame Film Pet Transparent,notebooks-planners,Office & School Supplies,Office & School Supplies,Notebooks & Planners,Notebook & Planner,pets,72,yes,single-evidence-lane,classification-review,yes,,,,Office Supplies > Notebooks & Notepads
8094231330915,password-keeper-book-computer-password-organizer-book-with-alphabetical-tabs-pocket-address-log-notebook-for-account-details-1,Password Keeper Book Computer Password Organizer Book,notebooks-planners,Office & School Supplies,Office & School Supplies,Notebooks & Planners,Notebook & Planner,unisex,72,yes,single-evidence-lane,classification-review,yes,,,,Office Supplies > Notebooks & Notepads
8059449049187,mens-hair-wax-for-styling-strong-hold-moisturizing-light-scent-retro-look-hair-styling-product-2,Strong Hold Moisturizing Light Scent Retro,hair-care,Men,Men's Beauty & Skincare,Hair Care,Hair Care,men,76,yes,single-evidence-lane,classification-review | Moisturizer,yes,,,beauty-makeup-essentials,Health & Beauty > Personal Care > Hair Care
8051920502883,2pcs-plastic-powder-jar-case-subpackage-package-bottle-reusable-empty-loose-powder-container-with-makeup-puff-beauty-containers,Plastic Powder Jar Case Subpackage Package,loose-face-powders,Beauty,Beauty & Skincare,Face Makeup,Loose Face Powder,unisex,77,yes,single-evidence-lane,Beauty and Makeups | classification-review,yes,,,blush-glow | beauty-makeup-essentials,Health & Beauty > Personal Care > Cosmetics > Face Makeup
7832809799779,microfiber-ceiling-fan-duster-extendable-long-handle-cleaning-brush,Fan Duster Fan Accessories,cleaning-tools,Home & Decor,Home & Car Accessories,Cleaning Tools,Cleaning Tool,unisex,73,yes,single-evidence-lane,classification-review,yes,,,cleaning-tools,Home & Garden > Household Supplies > Household Cleaning Supplies
8076742164579,learning-resources-standard-pocket-chart-education-for-home-scheduling-classroom-learning-tool-wall-calendar-for-teacher-student,Learning Resources Standard Pocket Chart Education,notebooks-planners,Office & School Supplies,Office & School Supplies,Notebooks & Planners,Notebook & Planner,unisex,72,yes,single-evidence-lane,classification-review,yes,,,,Office Supplies > Notebooks & Notepads
8097448886371,imitation-rabbit-plush-warm-winter-fitted-sheet-solid-color-soft-plush-mattress-protector-single-double-size-faux-fur-bed-sheet,Imitation Rabbit Plush Warm Winter Fitted Sheet Solid Color Soft,bedding-linens,Home & Decor,"Bedsheets, Handlooms & Towels",Bedding & Linens,Bedding & Linen,unisex,76,yes,single-evidence-lane,classification-review,yes,,,,Home & Garden > Linens & Bedding
8076877463651,custom-transparent-waterproof-stickers-for-kids-personalized-name-labels-for-school-sports-bottles-diy-crafts-multilingual‌,Custom Transparent Waterproof Stickers Personalized Name,water-bottles,Home & Decor,Kitchen & Cookware,Drinkware,Water Bottle,kids,75,yes,single-evidence-lane,classification-review,yes,,,dining-essentials,Home & Garden > Kitchen & Dining > Kitchen Appliances > Water Bottles
8051869646947,beauty-glazed-3pcs-face-makeup-set-matte-long-lasting-waterproof-liquid-foundation-primer-puff,Beauty Glazed 3pcs Face Makeup Matte,face-makeup,Beauty,Beauty & Skincare,Face Makeup,Face Makeup,unisex,73,yes,single-evidence-lane,Beauty and Makeups | classification-review,yes,,,blush-glow | beauty-makeup-essentials,Health & Beauty > Personal Care > Cosmetics > Face Makeup
8051919683683,matte-set-powder-full-coverage-pressed-powder-foundation-with-puff-applicator-24h-fresh-wear-weightless-finishing-powder-makeup,Matte Powder Full Coverage Pressed,face-makeup,Beauty,Beauty & Skincare,Face Makeup,Face Makeup,unisex,73,yes,single-evidence-lane,Beauty and Makeups | classification-review,yes,,,blush-glow | beauty-makeup-essentials,Health & Beauty > Personal Care > Cosmetics > Face Makeup
8068254400611,cool-bear-car-air-freshener-pilot-rotating-fan-vent-clip-perfume-diffuser-auto-accsesories-decoration-fragrance-windmill-aroma,Rotating Car Vent Air Freshener Diffuser,car-fragrance,Automotive,Vehicle Accessories,Car Air Fresheners & Fragrance,Car Fragrance,unisex,77,yes,single-evidence-lane,classification-review,yes,,,car-accessories,Vehicles & Parts > Vehicle Parts & Accessories
8051920863331,cosmetic-powder-dispenser-plastic-powder-container-70ml-flip-cover-talcum-powder-bottle-refillable-empty-pots-bottles,Container 70ML Flip Cover Talcum Powder,cosmetic-containers,Beauty,Beauty & Skincare,Beauty Tools,Cosmetic Container,unisex,77,yes,single-evidence-lane,Beauty and Makeups | classification-review,yes,,,beauty-makeup-essentials,Health & Beauty > Personal Care > Cosmetics
8094232215651,electric-trimmer-for-mens-groin-hair-versatile-body-groomer-and-waterproof-pubic-hair-trimmer-with-replaceable-ceramic-blade,Electric Trimmer For Men S Groin Hair Versatile Body Groomer,beard-grooming,Men,Men's Beauty & Skincare,Grooming Tools,Beard Grooming Product,men,77,yes,single-evidence-lane,classification-review,yes,,,beauty-makeup-essentials,Health & Beauty > Personal Care > Shaving & Grooming
8055698915427,womens-elastic-and-elastic-woven-belt-in-one-outfit-casual-and-versatile-denim-belt-for-men-and-women,Unisex Casual Pants For Daily And Casual Outfit Styling,trousers-pants,Men,Men's Fashion,Trousers & Pants,Pants,men,73,yes,single-evidence-lane,classification-review,yes,,,men-collection,Apparel & Accessories > Clothing > Pants
8094229561443,password-keep-book-computer-password-organizer-book-with-alphabetical-tabs-pocket-address-log-notebook-for-account-detailss13,Password Keep Book Computer Password Organizer Book,notebooks-planners,Office & School Supplies,Office & School Supplies,Notebooks & Planners,Notebook & Planner,unisex,72,yes,single-evidence-lane,classification-review,yes,,,,Office Supplies > Notebooks & Notepads
8066118975587,kids-dental-typodont-model-with-removable-teeth-soft-gums-teeth-model-training-for-children-dentistry-practice-tooth-model-child,Kids Dental Typodont Model With Removable Teeth Soft Gums Teeth,fitness-equipment,Sports & Fitness,Fitness Equipment,Fitness & Training,Fitness Equipment,kids,72,yes,single-evidence-lane,classification-review,yes,,,,Sporting Goods > Exercise & Fitness
7701884797027,1-4pcs-adult-bibs-stain-resistant-apron-for-men-women,Stain Resistant Apron Health Wellness,mobility-aids,Health & Wellness,Health & Wellness,Mobility & Support,Mobility Aid,men,75,yes,single-evidence-lane,classification-review,yes,,,mobility-support | daily-living-aids,Health & Beauty > Health Care
8059449901155,mens-body-care-cream-with-mild-ingredients-for-daily-moisturizing-and-nourishing-mens-body-massage-care-cream,Mens Body Care Cream Mild Ingredients,massage-wellness,Health & Wellness,Health & Wellness,Massage & Recovery,Massage & Recovery Tool,men,71,yes,single-evidence-lane,classification-review | Moisturizer,yes,,,massage-tools | posture-support,Health & Beauty > Health Care
8048948805731,hair-volumizing-control-powder-root-lift-long-lasting-fullness-all-day-styling-oil-free-oil-control-formula-for-women-1,All Day Styling Oil Free Control,hair-care,Women,Women's Beauty & Skincare,Hair Care,Hair Care,women,76,yes,single-evidence-lane,Beauty and Makeups | classification-review,yes,,,beauty-makeup-essentials,Health & Beauty > Personal Care > Hair Care
7751227539555,ultralight-carbon-fiber-t-handle-walking-stick-219g,Ultralight Carbon Fiber T Handle Walking,mobility-aids,Health & Wellness,Health & Wellness,Mobility & Support,Mobility Aid,unisex,75,yes,single-evidence-lane,classification-review,yes,,,mobility-support | daily-living-aids,Health & Beauty > Health Care
8051921027171,cosmetic-powder-dispenser-plastic-powder-container-70ml-flip-cover-talcum-powder-bottle-refillable-empty-pots-bottles-1,Container 70ML Flip Cover Talcum Powder,cosmetic-containers,Beauty,Beauty & Skincare,Beauty Tools,Cosmetic Container,unisex,77,yes,single-evidence-lane,Beauty and Makeups | classification-review,yes,,,beauty-makeup-essentials,Health & Beauty > Personal Care > Cosmetics
8053851455587,kitchen-disposable-wipes-hanging-kitchen-wipes-reusable-non-woven-cleaning-cloth-household-dishcloths-paper-towels-cleaning-pads,Kitchen Disposable Wipes Hanging,kitchen-towels,Home & Decor,Kitchen & Cookware,Dining & Serveware,Kitchen Towel,unisex,73,yes,single-evidence-lane,classification-review | Kitchen essentials,yes,,,dining-essentials,Home & Garden > Kitchen & Dining
8058391330915,hair-growth-essential-loss-regrowth-treatment-strengthens-hair-nourishes-scalp-light-weight-non-greasy-improve-scalp-circulation,Nourishes Scalp Light,hair-care,Beauty,Beauty & Skincare,Hair Care,Hair Care,unisex,76,yes,single-evidence-lane,classification-review,yes,,,beauty-makeup-essentials,Health & Beauty > Personal Care > Hair Care
8066151841891,mini-portable-protein-powder-bottles-with-keychain-health-funnel-medicine-bottle-small-water-cup-outdoor-sport-storage-1,Health Funnel Medicine Bottle Small Water,key-ring,Fashion,Fashion Accessories,Keychains & Key Rings,Key Ring,unisex,73,yes,single-evidence-lane,classification-review,yes,,,,Luggage & Bags > Luggage Accessories
8036976296035,artificial-ivy-plant-plastic-leaf-with-pots-wedding-festival-arch-decoration-home-window-sill-ornamental-flowerpot-wall-hanging,Plastic Leaf Pots Kitchen Dining Accessories,artificial-plants,Home & Decor,Lighting & Decor,Home Decor,Artificial Plant Decor,unisex,77,yes,single-evidence-lane,classification-review,yes,,,home-decor | decorative-accessories,Home & Garden > Decor
8048948772963,natural-batana-oil-for-hair-growth-pure-batana-oil-hair-shine-strengthen-for-women-prevent-hair-loss-eliminate-split-ends-1-3pcs-1,Natural Batana Oil Pure,hair-care,Women,Women's Beauty & Skincare,Hair Care,Hair Care,women,76,yes,single-evidence-lane,Beauty and Makeups | classification-review,yes,,,beauty-makeup-essentials,Health & Beauty > Personal Care > Hair Care
8052559183971,men-briefcase-bag-high-quality-business-genuine-leather-shoulder-messenger-bags-male-office-handbag-14-inch-laptop-bag-travel,Briefcase Bag Business Genuine,laptop-accessory,Electronic Accessories,Computer Accessories,Laptop Accessories,Laptop Accessory,men,76,yes,single-evidence-lane,classification-review,yes,,,portable-gadgets,Electronics > Computers > Computer Accessories
7705848709219,artificial-bonsai-silk-plum-blossom-flowers-for-home-decor,Artificial Bonsai Silk Plum Blossom Flowers,home-decor,Home & Decor,Lighting & Decor,Home Decor,Home Decor,unisex,72,yes,single-evidence-lane,classification-review,yes,,,home-decor | decorative-accessories | wall-art,Home & Garden > Decor
8051920076899,60-80-90mm-professional-round-shape-bb-cream-powder-foundation-puff-portable-soft-cosmetic-puff-makeup-foundation-sponge,90mm Professional Round Shape Bb Cream,face-makeup,Beauty,Beauty & Skincare,Face Makeup,Face Makeup,unisex,73,yes,single-evidence-lane,Beauty and Makeups | classification-review,yes,,,blush-glow | beauty-makeup-essentials,Health & Beauty > Personal Care > Cosmetics > Face Makeup
7702339780707,lightweight-professional-ski-goggles-men-uv400-adult-anti-fog-snowboard-skiing-glasses-women-ultra-light-winter-snow-eyewear-1,Skiing Glasses Ultra Light Winter Snow,sunglasses,Men,Men's Accessories,Sunglasses,Sunglasses,men,73,yes,single-evidence-lane,classification-review,yes,,,,Apparel & Accessories > Clothing Accessories > Sunglasses
8039684145251,electric-ems-neck-massager-mini-cervical-back-patch-stimulator-massageador-mat-portable-gel-pad-stickers-slim,Stimulator Massageador Mat,massage-wellness,Health & Wellness,Health & Wellness,Massage & Recovery,Massage & Recovery Tool,unisex,71,yes,single-evidence-lane,classification-review | Wellness Massagers,yes,,,massage-tools | posture-support,Health & Beauty > Health Care
8094231199843,l-password-keeper-book-computer-password-organizer-book-with-alphabetical-tabs-pocket-address-log-notebook-for-account-details,Lpassword Keeper Book Computer Password Organizer Book,notebooks-planners,Office & School Supplies,Office & School Supplies,Notebooks & Planners,Notebook & Planner,unisex,72,yes,single-evidence-lane,classification-review,yes,,,,Office Supplies > Notebooks & Notepads
8051973488739,guoxiaoniu-1pc-super-soft-purple-blusher-brush-foundation-contour-eye-shadow-brush-highlight-brow-shadow-brush-makeup-brushes,Guoxiaoniu 1pc Super Soft Purple Blusher,makeup-brush-sets,Beauty,Beauty & Skincare,Beauty Tools,Makeup Brush Set,unisex,77,yes,single-evidence-lane,Beauty and Makeups | classification-review,yes,,,beauty-makeup-essentials,Health & Beauty > Personal Care > Cosmetics
8058570113123,1pcs-7pcs-multiple-types-natural-bamboo-wood-handmade-wooden-combs-collection-wide-fine-teeth,1pcs 7pcs Multiple Types Natural Bamboo,hair-styling-tools,Beauty,Beauty & Skincare,Hair Care,Hair Styling Tool,unisex,72,yes,single-evidence-lane,classification-review | Hair Tools,yes,,,beauty-makeup-essentials,Health & Beauty > Personal Care > Hair Care
8036976361571,artificial-ivy-plants-plastic-leaf-with-pots-wedding-new-year-christmas-decora-for-home-garden-diy-living-room-wall-hanging,Plastic Leaf Pots Kitchen Dining Accessories,artificial-plants,Home & Decor,Lighting & Decor,Home Decor,Artificial Plant Decor,unisex,77,yes,single-evidence-lane,classification-review,yes,,,home-decor | decorative-accessories,Home & Garden > Decor
7751227900003,2pcs-ultralight-trekking-poles-folding-nordic-walking-sticks,2pcs Ultralight Trekking Poles Folding Nordic,mobility-aids,Health & Wellness,Health & Wellness,Mobility & Support,Mobility Aid,unisex,75,yes,single-evidence-lane,classification-review,yes,,,mobility-support | daily-living-aids,Health & Beauty > Health Care
8052559249507,2023-men-briefcase-bag-high-quality-business-famous-brand-pu-leather-shoulder-messenger-bags-office-handbag-14-inch-laptop-bag,Briefcase Bag Business Famous,laptop-accessory,Electronic Accessories,Computer Accessories,Laptop Accessories,Laptop Accessory,men,76,yes,single-evidence-lane,classification-review,yes,,,portable-gadgets,Electronics > Computers > Computer Accessories
8051860308067,cc-cream-erborian-centella-change-color-moisture-cream-makeup-foundation-full-coverage-magic-foundation-covering-korean-makeup,Cc Cream Erborian Centella Change Color,face-makeup,Beauty,Beauty & Skincare,Face Makeup,Face Makeup,unisex,73,yes,single-evidence-lane,Beauty and Makeups | classification-review,yes,,,blush-glow | beauty-makeup-essentials,Health & Beauty > Personal Care > Cosmetics > Face Makeup
8051920306275,matte-bronzing-powder-6-shades-natural-warm-tone-buildable-contour-smooth-blendable-compact-travel-size-makeup-for-face,Matte Bronzing Powder Shades Natural Warm,face-makeup,Beauty,Beauty & Skincare,Face Makeup,Face Makeup,unisex,73,yes,single-evidence-lane,Beauty and Makeups | classification-review,yes,,,blush-glow | beauty-makeup-essentials,Health & Beauty > Personal Care > Cosmetics > Face Makeup
8094229364835,password-keeper-book-computer-password-organizer-book-with-alphabetical-tabs-pocket-address-log-notebook-for-account-details,Password Keeper Book Computer Password Organizer Book,notebooks-planners,Office & School Supplies,Office & School Supplies,Notebooks & Planners,Notebook & Planner,unisex,72,yes,single-evidence-lane,classification-review,yes,,,,Office Supplies > Notebooks & Notepads
8058366689379,gze-rosemary-oil-for-hair-rosemary-scalp-hair-oil-all-type-texture-straight-waves-chemically-hairs-strengthens,Gze Rosemary Oil Hair Scalp,hair-care,Beauty,Beauty & Skincare,Hair Care,Hair Care,unisex,76,yes,single-evidence-lane,classification-review,yes,,,beauty-makeup-essentials,Health & Beauty > Personal Care > Hair Care
8052519796835,25-color-matte-lip-palette-highly-pigmented-smooth-blendable-2-in-1-for-lips-cheeks-compact-makeup-palette-long-wear,Color Matte Lip Palette Highly Pigmented,face-makeup,Beauty,Beauty & Skincare,Face Makeup,Face Makeup,unisex,77,yes,single-evidence-lane,Beauty and Makeups | classification-review,yes,,,blush-glow | beauty-makeup-essentials,Health & Beauty > Personal Care > Cosmetics > Face Makeup
8066114289763,childrens-and-adult-electronic-push-games-pushit-pro-super-bubble-pop-light-push-up-fidget-toys-birthday-gifts-2028,Children S And Adult Electronic Push Games Pushit Pro Super Bubble,educational-toys,Kids,Kids Toys & Games,Educational Toys,Educational Toy,kids,77,yes,single-evidence-lane,classification-review,yes,,,kids-toys-games,Toys & Games > Toys > Educational Toys
8066174812259,shuniu-triangle-shaking-bottle-capacity-250ml-10000ml-with-3-bottom-slot-baffles-cone-shaped-flask-borosilicate-glass,Shuniu Triangle Shaking Bottle Capacity 250ML 10000ML With 3 Bottom,water-bottles,Home & Decor,Kitchen & Cookware,Drinkware,Water Bottle,unisex,71,yes,single-evidence-lane,classification-review,yes,,,dining-essentials,Home & Garden > Kitchen & Dining > Kitchen Appliances > Water Bottles
8058377666659,rosemary-hair-growth-oil-60ml-anti-hair-loss-treatment-for-thicker-hair-repairing-dry-damaged-hair-scalp-care-with-argan-oil,Rosemary Oil 60ML Anti,hair-care,Beauty,Beauty & Skincare,Hair Care,Hair Care,unisex,76,yes,single-evidence-lane,classification-review,yes,,,beauty-makeup-essentials,Health & Beauty > Personal Care > Hair Care
8055455121507,card-display-stand-greeting-multifunctional-multi-layer-postcard-holder-desk-bracket-organizer-gift-display-decorative-holders,Multi Layer Postcard Holder Desk Bracket,home-decor,Home & Decor,Lighting & Decor,Home Decor,Home Decor,unisex,68,yes,single-evidence-lane,classification-review,yes,,,home-decor | decorative-accessories | wall-art,Home & Garden > Decor
8076878348387,mini-sauces-ketchup-bottles-plastic-kid-salad-honey-mustard-container-box-portable-condiment-squeeze-bottle-lunchbox-accessories,Mini Sauces Ketchup Bottles Plastic Kid Salad Honey Mustard,food-storage-containers,Home & Decor,Kitchen & Cookware,Food Storage Containers,Food Storage Container,kids,73,yes,single-evidence-lane,classification-review,yes,,,dining-essentials,Home & Garden > Kitchen & Dining > Food Storage
8051974733923,multi-layer-5-color-powder-blusher-powder-waterproof-and-durable-suitable-for-all-skin-tones-creating-a-perfect-makeup,Multi Layer Color Powder Blusher,blush-powders,Beauty,Beauty & Skincare,Face Makeup,Blush Powder,unisex,77,yes,single-evidence-lane,Beauty and Makeups | classification-review,yes,,,blush-glow | beauty-makeup-essentials,Health & Beauty > Personal Care > Cosmetics > Face Makeup
8097505804387,spondwild-potato-grow-bags-with-viewing-windows-3-5-7-10-15-gallon-plant-pots-for-easy-harvest-check-heavy-duty-aeration,Spondwild Potato Grow Bags With Viewing Windows 3 5 7 10 15 Gallon,plant-pots,Home & Decor,Lighting & Decor,Planters & Garden Decor,Planter,unisex,77,yes,single-evidence-lane,classification-review | minimum-qty-3,yes,,,home-decor | garden-tools,Home & Garden > Lawn & Garden > Gardening > Planters
8068263149667,autokey-yayun-smart-car-key-pcb-board-without-key-shell,Smart Car Key PCB Replacement Board Without Key Shell,car-remote-key-pcb-boards,Automotive,Vehicle Accessories,Car Key Accessories,Car Remote Key PCB Board,unisex,77,yes,single-evidence-lane,car | classification-review,yes,,,car-accessories,Vehicles & Parts > Vehicle Parts & Accessories
8051860635747,8-colors-cc-cream-foundation-moisturizing-concearler-long-lasting-waterprooof-oil-facial-base-makeup-natural-brightening-covera,Long Lasting Waterprooof Oil Facial Base,face-makeup,Beauty,Beauty & Skincare,Face Makeup,Face Makeup,unisex,73,yes,single-evidence-lane,Beauty and Makeups | classification-review,yes,,,blush-glow | beauty-makeup-essentials,Health & Beauty > Personal Care > Cosmetics > Face Makeup
8071267156067,1-pieces-camouflage-printing-note-book-paper-waterproof-writing-paper-in-rain-tactical-note-book-notebook-all-weather-outdoors,1 Pieces Camouflage Printing Note Book Paper Waterproof Writing,notebooks-planners,Office & School Supplies,Office & School Supplies,Notebooks & Planners,Notebook & Planner,unisex,72,yes,single-evidence-lane,classification-review,yes,,,,Office Supplies > Notebooks & Notepads
8051860766819,cc-cream-korea-centella-change-color-moisture-cream-makeup-foundation-full-coverage-magic-foundation-covering-korean-makeup,Cc Cream Korea Centella Change Color,face-makeup,Beauty,Beauty & Skincare,Face Makeup,Face Makeup,unisex,73,yes,single-evidence-lane,Beauty and Makeups | classification-review,yes,,,blush-glow | beauty-makeup-essentials,Health & Beauty > Personal Care > Cosmetics > Face Makeup
8052559478883,purple-large-flower-patch-embroidered-applique-clothing-decoration-sew-on-patch-diy-accessory-42-23cm,Purple Large Flower Patch Embroidered Applique,embroidery-patches,Office & School Supplies,Office & School Supplies,Craft & DIY Supplies,Embroidery Patch,unisex,77,yes,single-evidence-lane,Beauty and Makeups | classification-review,yes,,,,Arts & Entertainment > Hobbies & Creative Arts
8051920765027,non-powder-setting-cream-waterproof-face-oil-control-makeup-full-coverage-matte-concealer-contouring-press-powder-cosmetics-8g,Cream Waterproof Face Oil Control Makeup,face-makeup,Beauty,Beauty & Skincare,Face Makeup,Face Makeup,unisex,73,yes,single-evidence-lane,Beauty and Makeups | classification-review,yes,,,blush-glow | beauty-makeup-essentials,Health & Beauty > Personal Care > Cosmetics > Face Makeup
8037091999843,portable-15l-thermal-lunch-bag-handheld-oxford-cloth-cooler-lunch-box-waterproof-foldable-food-storage-bag-travel,15l Thermal Lunch Bag Handheld Oxford,dining,Home & Decor,Kitchen & Cookware,Dining & Serveware,Dining Accessory,unisex,75,yes,single-evidence-lane,classification-review | Travel and outdoor,yes,,,dining-essentials,Home & Garden > Kitchen & Dining > Tableware
8058391920739,hair-growth-oil-with-castor-oil-rosemary-10-natural-oils-blend-for-hair-scalp-all-hair-types-bogo-free-fast-ship,Oil Castor Rosemary Natural,carrier-oils,Beauty,Beauty & Skincare,Body Care,Carrier Oil,unisex,77,yes,single-evidence-lane,classification-review,yes,,,beauty-makeup-essentials,Health & Beauty > Personal Care > Cosmetics > Skin Care
8076878512227,customizable-transparent-stickers-waterproof-name-labels-for-school-supplies-sports-bottles-kids-crafts-multilingual-tags,Customizable Transparent Stickers Waterproof Name Labels,water-bottles,Home & Decor,Kitchen & Cookware,Drinkware,Water Bottle,kids,75,yes,single-evidence-lane,classification-review,yes,,,dining-essentials,Home & Garden > Kitchen & Dining > Kitchen Appliances > Water Bottles
8052514685027,oganizer-organizer-dressing-table-apartment-italian-ornaments-girls-dressing-table-drawer-modern-tocador-maquillaje-furniture,Oganizer Organizer Dressing Table Apartment Italian,home-decor,Home & Decor,Lighting & Decor,Home Decor,Home Decor,kids,68,yes,single-evidence-lane,classification-review | women accessories,yes,,,home-decor | decorative-accessories | wall-art,Home & Garden > Decor
8076734890083,adorable-cat-illustration-2026-year-of-the-horse-compact-table-calendars-portable-decorative-desk-travel-calendars,Adorable Cat Illustration 2026 Year Of The Horse Compact Table,notebooks-planners,Office & School Supplies,Office & School Supplies,Notebooks & Planners,Notebook & Planner,pets,72,yes,single-evidence-lane,classification-review,yes,,,,Office Supplies > Notebooks & Notepads
8058368131171,natural-hair-minimizing-skin-softening-oil-60ml-jojoba-almond-formula-supports-hair-growth-care-smooth-skin-feel,Minimizing Skin Softening Oil 60ML Jojoba,hair-care,Beauty,Beauty & Skincare,Hair Care,Hair Care,unisex,76,yes,single-evidence-lane,classification-review,yes,,,beauty-makeup-essentials,Health & Beauty > Personal Care > Hair Care
8052556169315,mva-bag-mens-briefcase-genuine-leather-laptop-bag-men-leather-office-bags-for-men-handbag-business-bag-for-documents-bags-male,Mva Bag Mens Briefcase Genuine Leather,laptop-accessory,Electronic Accessories,Computer Accessories,Laptop Accessories,Laptop Accessory,men,76,yes,single-evidence-lane,classification-review,yes,,,portable-gadgets,Electronics > Computers > Computer Accessories
8058368163939,herbal-essence-volumizing-shampoo-soothes-scalp-controls-oil-nourishes-strengthens-hair-roots-new-gentle-non-irritating-shampoo,Soothes Scalp Controls Oil Nourishes Strengthens,hair-care,Beauty,Beauty & Skincare,Hair Care,Hair Care,unisex,72,yes,single-evidence-lane,classification-review | Hair Shampoo,yes,,,beauty-makeup-essentials,Health & Beauty > Personal Care > Hair Care
8076878544995,custom-name-labels-121pcs-2-sheets-personalized-stickers-for-clothes-lunch-boxes-bottles-kids-school-supplies-camp-daycare,Custom Name Labels 121pcs Sheets Personalized,custom-stickers,Office & School Supplies,Office & School Supplies,Labels & Stickers,Custom Sticker,kids,77,yes,single-evidence-lane,classification-review,yes,,,,Office Supplies > Labels & Tags
8059438760035,rockbros-windproof-cycling-vest-lightweight-breathable-bicycle-gilet-for-men-women-packable-windbreaker-spring-summer-riding,Rockbros Windproof Cycling Vest Lightweight Breathable,jackets-coats,Men,Men's Fashion,Jackets & Coats,Jacket & Coat,men,72,yes,single-evidence-lane,classification-review,yes,,,men-collection,Apparel & Accessories > Clothing > Outerwear
8058570211427,long-hair-large-wide-toothed-handle-less-anti-static-portable-household-comb-for-women-hair-salon-comb,Long Hair Large Wide Toothed Handle,hair-styling-tools,Women,Women's Beauty & Skincare,Hair Care,Hair Styling Tool,women,72,yes,single-evidence-lane,classification-review | Hair Tools,yes,,,beauty-makeup-essentials,Health & Beauty > Personal Care > Hair Care
8076878643299,personalized-transparent-stickers-waterproof-name-tags-for-school-sports-bottles-kids-crafts-multilingual-custom-labels,Personalized Transparent Stickers Waterproof Name Tags,water-bottles,Home & Decor,Kitchen & Cookware,Drinkware,Water Bottle,kids,75,yes,single-evidence-lane,classification-review,yes,,,dining-essentials,Home & Garden > Kitchen & Dining > Kitchen Appliances > Water Bottles
8098806005859,newborn-baby-fresh-food-feeder-bottle-trainning-to-eat-fruit-grinding-stick-baby-feeding-supplementary-food-bag-bottle-cup,Newborn Baby Fresh Food Feeder Bottle Trainning To Eat Fruit,baby-care,Kids,Baby Care,Baby Care Essentials,Baby Care Product,baby,76,yes,single-evidence-lane,classification-review | minimum-qty-3,yes,,,baby-care,Baby & Toddler > Baby Care
8094215143523,a6-cash-budget-ledger-macaron-color-magnetic-button-loose-leaf-notebook-colored-self-adhesive-labels-daily-plan,A6 Cash Budget Ledger Macaron Color Magnetic Button Loose Leaf,notebooks-planners,Office & School Supplies,Office & School Supplies,Notebooks & Planners,Notebook & Planner,unisex,72,yes,single-evidence-lane,classification-review,yes,,,,Office Supplies > Notebooks & Notepads
8097505083491,repotting-mat-for-potting-soil-mess-control-waterproof-plant-potting-mat-succulent-orchid-potting-tray-for-plant-pots,Repotting Mat Potting Soil Mess Control,plant-pots,Home & Decor,Lighting & Decor,Planters & Garden Decor,Planter,unisex,77,yes,single-evidence-lane,classification-review | minimum-qty-3,yes,,,home-decor | garden-tools,Home & Garden > Lawn & Garden > Gardening > Planters
8051920928867,25-50ml-plastic-powder-sub-packaging-spray-type-portable-powder-dispensing-bottle-bottle-for-body-powder-setting-powder-spray,Portable Powder Dispensing Bottle Body Setting,face-makeup,Beauty,Beauty & Skincare,Face Makeup,Face Makeup,unisex,77,yes,single-evidence-lane,Beauty and Makeups | classification-review,yes,,,blush-glow | beauty-makeup-essentials,Health & Beauty > Personal Care > Cosmetics > Face Makeup
8059449081955,moisturizing-joint-soothing-cream-nourishing-joint-muscles-relieve-muscle-soreness-reduce-discomfort-muscle-care-massage-cream,Moisturizing Joint Soothing Cream Nourishing,massage-wellness,Health & Wellness,Health & Wellness,Massage & Recovery,Massage & Recovery Tool,unisex,71,yes,single-evidence-lane,classification-review | Moisturizer,yes,,,massage-tools | posture-support,Health & Beauty > Health Care
8066154496099,1pc-white-green-portable-bottle-salad-shaker-fresh-fruit-and-vegetable-salad-glass-with-fork-salad-bowl-holder-for-lunch-bento,1pc White Green Portable Bottle Salad Shaker Fresh Fruit And,dining,Home & Decor,Kitchen & Cookware,Dining & Serveware,Dining Accessory,unisex,71,yes,single-evidence-lane,classification-review,yes,,,dining-essentials,Home & Garden > Kitchen & Dining > Tableware
8051868368995,facial-makeup-set-1pc-matte-loose-powder-1pc-waterproof-fundation-high-coverage-long-lasting-oil-control-creat-natural-looks,Coverage Long Lasting Oil Control Creat,loose-face-powders,Beauty,Beauty & Skincare,Face Makeup,Loose Face Powder,unisex,77,yes,single-evidence-lane,Beauty and Makeups | classification-review,yes,,,blush-glow | beauty-makeup-essentials,Health & Beauty > Personal Care > Cosmetics > Face Makeup
8058570637411,2-pieces-anti-static-heat-resistant-carbon-steel-comb-handheld-comb-all-hair-types-grooming-comb,Pieces Anti Static Heat Resistant Carbon,hair-styling-tools,Beauty,Beauty & Skincare,Hair Care,Hair Styling Tool,unisex,72,yes,single-evidence-lane,classification-review | Hair Tools,yes,,,beauty-makeup-essentials,Health & Beauty > Personal Care > Hair Care
8076878807139,4set-christmas-bottles-gingerbread-man-bottle-party-candy-jar-juice-drink-bottle-xmas-plastic-kettle-kids-gift-christmas-decor,Christmas Bottles Gingerbread Bottle Party Candy,water-bottles,Home & Decor,Kitchen & Cookware,Drinkware,Water Bottle,kids,75,yes,single-evidence-lane,classification-review,yes,,,dining-essentials,Home & Garden > Kitchen & Dining > Kitchen Appliances > Water Bottles
8059449442403,concealer-with-pore-blurring-moisturizing-oil-control-long-lasting-sweat-resistant-non-transfer-for-covering-facial-blemishes,Pore Blurring Moisturizing Oil Control Long,face-makeup,Beauty,Beauty & Skincare,Face Makeup,Face Makeup,unisex,73,yes,single-evidence-lane,classification-review | Makeup | Moisturizer,yes,,,blush-glow | beauty-makeup-essentials,Health & Beauty > Personal Care > Cosmetics > Face Makeup
8094227562595,waterproof-fixed-deposit-book-easy-and-fun-multi-pockets-budget-bill-organizer-save-money-with-password-lock-1,Pockets Budget Bill Organizer Save Money,books-learning,Office & School Supplies,Office & School Supplies,Books & Learning,Book,unisex,72,yes,single-evidence-lane,classification-review,yes,,,,Media > Books
8059450196067,4-pcs-50ml-male-gel-water-soluble-male-massage-ointment-for-external-use-long-lasting-moisturizing-man-intimate-hygiene,Pcs 50ML Male Gel Water Soluble,massage-wellness,Health & Wellness,Health & Wellness,Massage & Recovery,Massage & Recovery Tool,men,71,yes,single-evidence-lane,classification-review | Moisturizer,yes,,,massage-tools | posture-support,Health & Beauty > Health Care
7744579567715,damascus-knife-set-chef-santoku-boning-paring-knives-with-green-resin-handle,Damascus Knife Chef Santoku Boning Paring,kitchen-knife-sets,Home & Decor,Kitchen & Cookware,Kitchen Gadgets,Kitchen Knife Set,unisex,77,yes,single-evidence-lane,classification-review,yes,,,kitchen-gadgets,Home & Garden > Kitchen & Dining > Kitchen Tools & Utensils
8048940318819,hair-volumizing-control-powder-root-lift-long-lasting-fullness-all-day-styling-oil-free-oil-control-formula-for-women,All Day Styling Oil Free Control,hair-care,Women,Women's Beauty & Skincare,Hair Care,Hair Care,women,76,yes,single-evidence-lane,Beauty and Makeups | classification-review,yes,,,beauty-makeup-essentials,Health & Beauty > Personal Care > Hair Care
7827854360675,ancient-goddess-silicone-mold-aromatherapy-candle-crafting-tool,Silicone Silicone Kitchen Tool For Daily Kitchen Use Candles,kitchen-gadgets,Home & Decor,Kitchen & Cookware,Kitchen Gadgets,Kitchen Gadget,unisex,76,yes,single-evidence-lane,classification-review,yes,,,kitchen-gadgets,Home & Garden > Kitchen & Dining > Kitchen Tools & Utensils
8069100535907,lunch-toast-box-bread-with-lid-organizer-portable-sandwich-bento-case-outdoor-storage-bag-food-container-floral-letter-pattern-1,Lunch Toast Box Bread With Lid Organizer Portable Sandwich Bento,food-storage-containers,Home & Decor,Kitchen & Cookware,Food Storage Containers,Food Storage Container,unisex,77,yes,single-evidence-lane,classification-review,yes,,,dining-essentials,Home & Garden > Kitchen & Dining > Food Storage
8094228381795,waterproof-fixed-deposit-book-easy-and-fun-multi-pockets-budget-bill-organizer-save-money-with-password-lock-2,Pockets Budget Bill Organizer Save Money,books-learning,Office & School Supplies,Office & School Supplies,Books & Learning,Book,unisex,72,yes,single-evidence-lane,classification-review,yes,,,,Media > Books
8037092360291,portable-round-cooler-lunch-bag-travel-collapsible-thermal-breakfast-organizer-insulated-waterproof-storage-bag-for-lunch-box,Round Cooler Lunch Bag Travel Collapsible,dining,Home & Decor,Kitchen & Cookware,Dining & Serveware,Dining Accessory,unisex,75,yes,single-evidence-lane,classification-review | Travel and outdoor,yes,,,dining-essentials,Home & Garden > Kitchen & Dining > Tableware
8094198988899,mens-sweatpants-straight-fit-joggers-for-sports-and-streetwear-loose-oversized-casual-pant-drawstring-multi-pocket-men-long-pant,Mens Sweatpants Straight Fit Joggers Sports,trousers-pants,Men,Men's Fashion,Trousers & Pants,Pants,men,73,yes,single-evidence-lane,classification-review,yes,,,men-collection,Apparel & Accessories > Clothing > Pants
7847101890659,professional-folding-grafting-knife,Knife For Daily Kitchen Use And Daily Kitchen Use,garden-tools,Home & Decor,Home & Car Accessories,Garden & Tools,Garden,unisex,74,yes,single-evidence-lane,classification-review,yes,,,garden-tools,Home & Garden > Lawn & Garden > Gardening
8051183779939,ladies-gold-plated-watch-women-bracelet-quart-wristwatch-girl-analog-feminino-relojes-hour-luxury-watches-saati-clock,Plated Watch Bracelet,watch-band,Watches,Watches,Watch Bands & Straps,Watch Band,women,77,yes,single-evidence-lane,classification-review | Women watches,yes,,,portable-gadgets,Electronics > Electronics Accessories > Wearable Technology
8094233133155,5-6-10pcs-car-air-vent-perfume-air-freshener-flavoring-smell-aroma-car-perfumes-air-freshener-parfum-car-accessories,5 6 10pcs Car Air Vent Perfume Air Freshener Flavoring Smell Aroma,car-fragrance,Automotive,Vehicle Accessories,Car Air Fresheners & Fragrance,Car Fragrance,unisex,77,yes,single-evidence-lane,classification-review,yes,,,car-accessories,Vehicles & Parts > Vehicle Parts & Accessories
8076735840355,chinese-style-rosewood-kang-table-carved-ornament-display-stand-unique-rock-flower-pot-buddha-holder-tea-table,Chinese Style Rosewood Kang Table Carved Ornament Display Stand,plant-pots,Home & Decor,Lighting & Decor,Planters & Garden Decor,Planter,unisex,77,yes,single-evidence-lane,classification-review,yes,,,home-decor | garden-tools,Home & Garden > Lawn & Garden > Gardening > Planters
8055598579811,mens-safari-suit-2-piece-multi-pocket-blazer-pants-set-casual-business-wedding-formal-7-colors-high-quality-in-stock-tuxedo,Mens Safari Suit Piece Multi Pocket,trousers-pants,Men,Men's Fashion,Trousers & Pants,Pants,men,73,yes,single-evidence-lane,classification-review,yes,,,men-collection,Apparel & Accessories > Clothing > Pants
8051910410339,clearance-sale-dual-ended-concealer-brush-with-a-soft-brush-that-naturally-fits-the-skin-to-cover-blemishes-and-acne-marks,Naturally Fits Skin Cover Blemishes Acne,face-makeup,Beauty,Beauty & Skincare,Face Makeup,Face Makeup,unisex,73,yes,single-evidence-lane,Beauty and Makeups | classification-review,yes,,,blush-glow | beauty-makeup-essentials,Health & Beauty > Personal Care > Cosmetics > Face Makeup
8097504690275,100-1000pcs-biodegradable-seedling-bags-for-gardening-fabric-plant-pots-vegetables-flowers-herbs-eco-friendly-nursery-supplies,100 1000pcs Biodegradable Seedling Bags For Gardening Fabric Plant,plant-pots,Home & Decor,Lighting & Decor,Planters & Garden Decor,Planter,baby,77,yes,single-evidence-lane,classification-review | minimum-qty-3,yes,,,home-decor | garden-tools,Home & Garden > Lawn & Garden > Gardening > Planters
8059438956643,electric-scooter-rain-poncho-waterproof-reusable-unisex-bicycle-full-body-long-rain-coat-for-adults,Electric Scooter Rain Poncho Waterproof Reusable,jackets-coats,Fashion,Fashion,Jackets & Coats,Jacket & Coat,unisex,72,yes,single-evidence-lane,classification-review,yes,,,,Apparel & Accessories > Clothing > Outerwear
8094228119651,monthly-bill-payment-tracking-plan-english-language-adult-financial-organization-notebook-with-inventory-payment-records,Monthly Bill Payment Tracking Plan English Language Adult Financial,notebooks-planners,Office & School Supplies,Office & School Supplies,Notebooks & Planners,Notebook & Planner,unisex,72,yes,single-evidence-lane,classification-review,yes,,,,Office Supplies > Notebooks & Notepads
7847102185571,grafting-pruning-tool-professional-branch-cutter-secateur,Kitchen Tool For Daily Kitchen Use And Daily Use Pruning Shears,kitchen-gadgets,Home & Decor,Kitchen & Cookware,Kitchen Gadgets,Kitchen Gadget,unisex,76,yes,single-evidence-lane,classification-review,yes,,,kitchen-gadgets,Home & Garden > Kitchen & Dining > Kitchen Tools & Utensils
8053854077027,1pcs-500ml-700ml-1000ml-1500ml-2000ml-stainless-steel-lab-beaker-measuring-cups-graduated-liquid-metal-tools-with-inner-scale,1pcs 500ML 700ML 1000ML 1500ML 2000ML,dining,Home & Decor,Kitchen & Cookware,Dining & Serveware,Dining Accessory,unisex,71,yes,single-evidence-lane,classification-review | Kitchen essentials,yes,,,dining-essentials,Home & Garden > Kitchen & Dining > Tableware
8068231135331,premium-lunch-boxes-with-sturdy-strap-for-easy-grip-sandwiches-burger-food-containers-for-holiday-picnics-kitchen-storage-box-1,Lunch Boxes With Sturdy Strap For Easy Grip Sandwiches Burger Food,food-storage-containers,Home & Decor,Kitchen & Cookware,Food Storage Containers,Food Storage Container,unisex,77,yes,single-evidence-lane,classification-review,yes,,,dining-essentials,Home & Garden > Kitchen & Dining > Food Storage
8053935079523,luxury-pu-leather-womens-tote-bag-large-capacity-shoulder-bag-designer-handbag-wing-shaped-storage-bag-frosted-shoppingbag,Pu Leather Womens Tote Bag Large,home-storage,Home & Decor,Home Storage & Organization,Storage & Organization,Home Organizer,women,73,yes,single-evidence-lane,classification-review | Men bags and wallets,yes,,,storage-organization,Home & Garden > Household Supplies > Storage & Organization
8076759564387,fashionable-modern-design-wall-clock-with-calendar-mute-simple-luxury-light-living-room-decor-watch-clock,Mute Simple Light Living Room,traditional-watch,Watches,Watches,Fashion Watches,Watch,unisex,73,yes,single-evidence-lane,classification-review,yes,,,,Apparel & Accessories > Jewelry > Watches
8052546240611,face-mist-lasting-refreshing-soothing-skin-care-for-dry-skin-oil-control-makeup-fixing-daily-hydration-for-women-all-skin-types,Care Dry Skin Oil Control Makeup,facial-mists,Women,Women's Beauty & Skincare,Skincare,Facial Mist,women,77,yes,single-evidence-lane,classification-review,yes,,,womens-beauty-essentials | beauty-makeup-essentials,Health & Beauty > Personal Care > Cosmetics > Skin Care
8052556628067,new-fashion-oxford-men-crossbody-bag-single-shoulder-bags-big-capacity-storage-bag-fashion-multi-pockets-business-crossbody-bags,Oxford Crossbody Bag,home-storage,Home & Decor,Home Storage & Organization,Storage & Organization,Home Organizer,men,73,yes,single-evidence-lane,classification-review,yes,,,storage-organization,Home & Garden > Household Supplies > Storage & Organization
8051856080995,face-repair-cream-centella-asiatica-cream-deeply-hydrating-gently-nourish-essential-lifting-firming-moisturizer-lightweight-tex,Face Repair Cream Centella Asiatica,cica-panthenol-cream,Beauty,Beauty & Skincare,Skincare,Cica Panthenol Cream,unisex,77,yes,single-evidence-lane,Beauty and Makeups | classification-review | Moisturizer,yes,,,beauty-makeup-essentials,Health & Beauty > Personal Care > Cosmetics > Skin Care
7832810324067,luminous-sand-glow-in-dark-pebbles-stone-garden-yard-outdoor-path-lawn-decorations,Luminous Sand Glow Dark Pebbles Stone,garden-tools,Home & Decor,Home & Car Accessories,Garden & Tools,Garden,unisex,70,yes,single-evidence-lane,classification-review,yes,,,garden-tools,Home & Garden > Lawn & Garden > Gardening
8051910541411,concealer-double-head-design-light-and-thin-covers-facial-defects-and-creates-a-natural-and-clear-makeup,Double Head Design Light Thin Covers,face-makeup,Beauty,Beauty & Skincare,Face Makeup,Face Makeup,unisex,73,yes,single-evidence-lane,Beauty and Makeups | classification-review,yes,,,blush-glow | beauty-makeup-essentials,Health & Beauty > Personal Care > Cosmetics > Face Makeup
8051168510051,tigernu-women-tote-bag-female-handbag-girls-shoulder-bags-commuting-sling-bag-womens-bags-14-15-6inch-laptop-bags-for-girls,Tigernu Tote Bag Female Handbag Shoulder,laptop-accessory,Electronic Accessories,Computer Accessories,Laptop Accessories,Laptop Accessory,women,76,yes,single-evidence-lane,BAGS AND WALLETS | classification-review,yes,,,portable-gadgets,Electronics > Computers > Computer Accessories
8066098823267,kids-kitchen-pretend-play-food-toy-set-with-cutting-features-random-fruit-vegetable-accessories-storage-basket-plastic-dishe,Kids Kitchen Pretend Play Food Toy Set With Cutting Features Random,home-storage,Home & Decor,Home Storage & Organization,Storage & Organization,Home Organizer,kids,73,yes,single-evidence-lane,classification-review,yes,,,storage-organization,Home & Garden > Household Supplies > Storage & Organization
8066097971299,kids-watering-can-small-childrens-watering-can-flexible-water-tool-kettle-pot-for-flower-succulents-garden-outdoor-indoor,Kids Watering Can Small Childrens Watering Can Flexible Water Tool,cookware,Home & Decor,Kitchen & Cookware,Cookware,Cookware,kids,73,yes,single-evidence-lane,classification-review,yes,,,cookware,Home & Garden > Kitchen & Dining > Cookware & Bakeware
8066103017571,children-shadow-matching-toys-toddler-memory-match-game-wooden-shape-sorter-toys-montessori-early-educational-cognition-toys,Children Shadow Matching Toys Toddler Memory Match Game Wooden Shape,educational-toys,Kids,Kids Toys & Games,Educational Toys,Educational Toy,kids,73,yes,single-evidence-lane,classification-review,yes,,,kids-toys-games,Toys & Games > Toys > Educational Toys
8055601004643,casual-single-breasted-suit-for-men-wedding-business-classic-2-pieces-set-jacket-wide-leg-pants-office-commute-chic-male-outfits,Casual Single Breasted Suit Wedding Business,trousers-pants,Men,Men's Fashion,Trousers & Pants,Pants,men,73,yes,single-evidence-lane,classification-review,yes,,,men-collection,Apparel & Accessories > Clothing > Pants
8051179126883,2026-upgraded-smartwatch-1000mah-long-battery-life-2-04-inch-large-screen-wireless-calling-100-sports-neutral-smartwatch,Life Inch Large Screen Wireless Calling,smart-watch,Watches,Watches,Smart Watches,Smart Watch,unisex,73,yes,single-evidence-lane,classification-review,yes,,,portable-gadgets,Electronics > Electronics Accessories > Wearable Technology
8055458201699,id-card-holder-lanyard-vibrant-card-holder-with-lanyard-creative-card-holder-colorful-for-lanyard-keychain-bus,Id Card Holder Lanyard Vibrant,card-holder-lanyards,Office & School Supplies,Office & School Supplies,ID Card Lanyards & Badge Holders,ID Card Lanyard & Badge Holder,unisex,96,yes,Trained knowledge model disagrees with checked-in taxonomy: id-card-lanyards-badge-holders.,classification-review,yes,,,office-school-supplies,Office Supplies > General Office Supplies > Name Plates
7705215664227,electric-bottle-opener-easy-electric-binaural-can-opener-one-button-automatic-bottle-cap-opening-for-home-use,Electric Bottle Opener Easy Binaural,kitchen-gadgets,Home & Decor,Kitchen & Cookware,Kitchen Gadgets,Kitchen Gadget,unisex,76,yes,single-evidence-lane,classification-review,yes,,,kitchen-gadgets,Home & Garden > Kitchen & Dining > Kitchen Tools & Utensils
8066104033379,baby-beach-toys-children-outdoor-games-sand-play-set-infants-digging-sand-silicone-rake-watering-pot-play-beach-toys-for-kids,Baby Beach Toys Children Outdoor Games Sand Play Set Infants Digging,cookware,Home & Decor,Kitchen & Cookware,Cookware,Cookware,baby,73,yes,single-evidence-lane,classification-review,yes,,,cookware,Home & Garden > Kitchen & Dining > Cookware & Bakeware
8039685816419,electric-heating-neck-brace-reliever-neck-pain-spontaneous-heating-massager-cervical-vertebra-therapy-muscle-massager-care-tool,Electric Heating Neck Brace Reliever,massage-wellness,Health & Wellness,Health & Wellness,Massage & Recovery,Massage & Recovery Tool,unisex,71,yes,single-evidence-lane,classification-review | Wellness Massagers,yes,,,massage-tools | posture-support,Health & Beauty > Health Care
8048940810339,natural-batana-oil-for-hair-growth-pure-batana-oil-hair-shine-strengthen-for-women-prevent-hair-loss-eliminate-split-ends-1-3pcs,Natural Batana Oil Pure,hair-care,Women,Women's Beauty & Skincare,Hair Care,Hair Care,women,76,yes,single-evidence-lane,Beauty and Makeups | classification-review,yes,,,beauty-makeup-essentials,Health & Beauty > Personal Care > Hair Care
8068231266403,lunch-boxes-67-six-seven-6-7-funny-italian-brainrot-merch-food-box-ins-trendy-thermal-cooler-bento-box-for-school,Lunch Boxes 67 Six Seven 6 7 Funny Italian Brainrot Merch Food Box,food-storage-containers,Home & Decor,Kitchen & Cookware,Food Storage Containers,Food Storage Container,unisex,77,yes,single-evidence-lane,classification-review,yes,,,dining-essentials,Home & Garden > Kitchen & Dining > Food Storage
8066098069603,kids-simulated-life-cleaning-toys-childrens-pretend-play-cleaning-set-and-sanitation-simulation-broom-vacuum-cleaner-tool-toy,Kids Simulated Life Cleaning Toys Children S Pretend Play Cleaning,cleaning-tools,Home & Decor,Home & Car Accessories,Cleaning Tools,Cleaning Tool,kids,69,yes,single-evidence-lane,classification-review,yes,,,cleaning-tools,Home & Garden > Household Supplies > Household Cleaning Supplies
8076870123619,100ml-spherical-plastic-potion-bottles-ball-shape-round-bottles-3-4-oz-sand-art-bottles-with-corks-and-tags-bottle-candy-jar,100ML Spherical Plastic Potion Bottles Ball Shape Round Bottles 3 4,craft-diy,Office & School Supplies,Office & School Supplies,Craft & DIY Supplies,Craft Supply,unisex,73,yes,single-evidence-lane,classification-review,yes,,,,Arts & Entertainment > Hobbies & Creative Arts
8071268270179,50-sheets-of-plande-note-book-can-be-torn-student-study-memo-hand-account-non-adhesive-notepad-blank-four-color-note-book-pocket,50 Sheets Of Plande Note Book Can Be Torn Student Study Memo Hand,notebooks-planners,Office & School Supplies,Office & School Supplies,Notebooks & Planners,Notebook & Planner,unisex,72,yes,single-evidence-lane,classification-review,yes,,,,Office Supplies > Notebooks & Notepads
8066104426595,children-electric-musical-toys-sensory-toddler-activity-with-light-learning-game-educational-montessori-for-3-years-baby-gifts,Children Electric Musical Toys Sensory Toddler Activity With Light,educational-toys,Kids,Kids Toys & Games,Educational Toys,Educational Toy,kids,73,yes,single-evidence-lane,classification-review,yes,,,kids-toys-games,Toys & Games > Toys > Educational Toys
7746984902755,plastic-wrap-dispenser-with-cutter-foil-film-storage-holder,Foil Film Storage Holder,scarves,Fashion,Fashion Accessories,Scarves & Wraps,Scarf,unisex,73,yes,single-evidence-lane,classification-review,yes,,,,Apparel & Accessories > Clothing Accessories > Scarves
8051168608355,women-canvas-cute-girl-tote-shopper-bags-ladies-casual-cotton-cloth-shoulder-bag-eco-reusable-shopping-bag-girl-beach-travel,Canvas Cute Tote Shopper Bags Ladies,handbags,Women,Women's Bags & Wallets,Handbags,Handbag,women,77,yes,single-evidence-lane,BAGS AND WALLETS | classification-review,yes,,,women-bags-and-wallets,Luggage & Bags > Handbags
7743311544419,artificial-lawn-grass-mat-fake-green-turf-for-home-garden-decor,Artificial Lawn Grass Mat Fake Green,garden-tools,Home & Decor,Home & Car Accessories,Garden & Tools,Garden,unisex,70,yes,single-evidence-lane,classification-review,yes,,,garden-tools,Home & Garden > Lawn & Garden > Gardening
8076878217315,10pcs-cute-miniature-dollhouse-colorful-milk-bottles-pretend-play-doll-food-drink-for-ob11-blyth-dolls-accessories-toys,10pcs Cute Miniature Dollhouse Colorful Milk Bottles Pretend Play,doll-clothing-accessories,Kids,Kids Toys & Games,Doll Clothing & Accessories,Doll Clothing & Accessory,unisex,77,yes,single-evidence-lane,classification-review,yes,,,kids-toys-games,Toys & Games > Toys > Doll & Action Figure Accessories
8052515536995,shelf-organiser-dressing-table-women-design-makeup-luxury-dressing-table-ornaments-jewellery-coiffeuse-furniture-accessories,Shelf Organiser Dressing Table Design Makeup,home-decor,Home & Decor,Lighting & Decor,Home Decor,Home Decor,women,68,yes,single-evidence-lane,classification-review | women accessories,yes,,,home-decor | decorative-accessories | wall-art,Home & Garden > Decor
7705848447075,artificial-ivy-vines-with-lights-for-room-wedding-decor,Wedding Decor Home Decor,artificial-plants,Home & Decor,Lighting & Decor,Home Decor,Artificial Plant Decor,unisex,77,yes,single-evidence-lane | Trained knowledge model disagrees with checked-in taxonomy: home-decor.,classification-review,yes,,,home-decor | decorative-accessories,Home & Garden > Decor
8055699734627,mens-belts-top-cowhide-full-match-casual-jeans-vintage-luxury-high-quality-male-designer-genuine-leather-belt-for-men,Men S Casual Vintage Pants For Daily And Casual Outfit Styling,trousers-pants,Men,Men's Fashion,Trousers & Pants,Pants,men,73,yes,single-evidence-lane,classification-review,yes,,,men-collection,Apparel & Accessories > Clothing > Pants
8066106458211,wooden-montessorri-toys-five-in-one-multifunctional-baby-toys-exercise-childrens-hand-eye-coordination-logic-imagination-space,Wooden Montessorri Toys Five One Multifunctional,fitness-equipment,Sports & Fitness,Fitness Equipment,Fitness & Training,Fitness Equipment,baby,72,yes,single-evidence-lane,classification-review,yes,,,,Sporting Goods > Exercise & Fitness
8098809118819,newborn-baby-romper-for-girls-boys-cotton-clothing-spring-autumn-infant-jumpsuit-with-wing-casual-soft-new-born-girl-boy-clothes,Newborn Baby Romper For Girls Boys Cotton Clothing Spring Autumn,kids-wear,Kids,Kids Wear,Kids Clothing,Kids Clothing,kids,92,yes,Trained knowledge model disagrees with checked-in taxonomy: baby-rompers-clothing.,baby | baby-romper-clothing | kids | kids-wear | minimum-qty-2 | new-arrivals,yes,,,kids-wear,Apparel & Accessories > Clothing > Baby & Toddler Clothing
8058393198691,hair-growth-spray-anti-hair-loss-baldness-hair-root-repair-damaged-scalp-treatment-serum-liquid-thickening-longer-beauty-health,"Hair and Scalp Care Spray, 120ml or 240ml",hair-care,Beauty,Beauty & Skincare,Hair Care,Hair Care,unisex,76,yes,single-evidence-lane,classification-review,yes,,,beauty-makeup-essentials,Health & Beauty > Personal Care > Hair Care
8059436236899,dry-brush-body-brush-shower-brush-removes-dry-skin-and-improves-skin-through-massage-section,Dry Brush Body Shower,massage-wellness,Health & Wellness,Health & Wellness,Massage & Recovery,Massage & Recovery Tool,unisex,71,yes,single-evidence-lane,classification-review,yes,,,massage-tools | posture-support,Health & Beauty > Health Care
8066106097763,do1-set-geometric-shape-spatial-imagination-intellectual-thinking-puzzle-games-toy-house-design-logic-game-montessori-toysdo,Do 1 Set Geometric Shape Spatial Imagination Intellectual Thinking,board-games,Kids,Kids Toys & Games,Games & Puzzles,Board Game,unisex,73,yes,single-evidence-lane,classification-review,yes,,,kids-toys-games,Toys & Games > Games
8036972888163,dotwise-electric-air-pump-brushless-motor-wireless-inflator-air-compressor-high-flow-for-small-air-mattres-kayak-paddle,Dotwise Electric Air Pump Brushless Motor,tire-inflators,Automotive,Vehicle Accessories,Tire Inflators & Pumps,Tire Inflator,unisex,76,yes,single-evidence-lane,classification-review,yes,,,car-accessories,Vehicles & Parts > Vehicle Parts & Accessories
8098809643107,newborn-baby-romper-autumn-new-100-cotton-girl-boy-0-18m-cute-spring-long-sleeve-soft-infant-clothes,Newborn Baby Romper Autumn New 100 Cotton Girl Boy 0 18m Cute Spring,kids-wear,Kids,Kids Wear,Kids Clothing,Kids Clothing,kids,92,yes,Trained knowledge model disagrees with checked-in taxonomy: baby-rompers-clothing.,baby | baby-romper-clothing | kids | kids-wear | minimum-qty-3 | new-arrivals,yes,,,kids-wear,Apparel & Accessories > Clothing > Baby & Toddler Clothing
8060579741795,laptop-case-13-14inch-laptop-sleeve-case-shockproof-protective-water-repellent-with-accessory-pocket-for-dell-lenovo-notebooks,Laptop Case 14inch Sleeve,laptop-accessory,Electronic Accessories,Computer Accessories,Laptop Accessories,Laptop Accessory,unisex,76,yes,single-evidence-lane,classification-review,yes,,,portable-gadgets,Electronics > Computers > Computer Accessories
8058380451939,hair-growth-batana-oil-unrefined-raw-for-enhance-efficacy-for-thicker-strength-moisturize-the-scalp-add-moisture-and-nutrition,Batana Oil Unrefined Raw,hair-care,Beauty,Beauty & Skincare,Hair Care,Hair Care,unisex,76,yes,single-evidence-lane,classification-review,yes,,,beauty-makeup-essentials,Health & Beauty > Personal Care > Hair Care
8068231561315,lunch-toast-box-bread-with-lid-organizer-portable-sandwich-bento-case-outdoor-storage-bag-food-container-floral-letter-pattern,Lunch Toast Box Bread With Lid Organizer Portable Sandwich Bento,food-storage-containers,Home & Decor,Kitchen & Cookware,Food Storage Containers,Food Storage Container,unisex,77,yes,single-evidence-lane,classification-review,yes,,,dining-essentials,Home & Garden > Kitchen & Dining > Food Storage
8094217109603,led-flat-panel-night-vision-reading-light-student-night-light-creative-led-book-eye-care-light-eye-protection-reading-light,LED Flat Panel Night Vision Reading Light Student Night Light,home-lighting,Home & Decor,Lighting & Decor,Lamps & Lighting,Lamp & Lighting,unisex,95,yes,Trained knowledge model disagrees with checked-in taxonomy: reading-lights.,home-decor | led | lighting-decor | new-arrivals | reading-light | smart-lighting | wall-lights,yes,,,wall-lights | decorative-lamps | smart-lighting,Home & Garden > Lighting
8055601299555,mens-casual-business-have-smoking-suit-high-end-brand-boutique-fashion-blazer-vest-pants-groom-wedding-dress-party-suit,Casual Business Smoking Suit High End,dresses,Men,Men's Fashion,Dresses,Dress,men,73,yes,single-evidence-lane,classification-review,yes,,,,Apparel & Accessories > Clothing > Dresses
8076878676067,tress-140pcs-custom-name-labels-personalized-stickers-for-clothes-lunch-boxes-bottles-kids-school-supplies-camp-daycare,Tress 140pcs Custom Name Labels Personalized,custom-stickers,Office & School Supplies,Office & School Supplies,Labels & Stickers,Custom Sticker,kids,77,yes,single-evidence-lane,classification-review,yes,,,,Office Supplies > Labels & Tags
8098804826211,new-20-inches-bebe-reborn-baby-jude-kit-blank-unpainted-unfinished-molds-vinyl-parts-reborn-baby-kit,New 20 Inches Bebe Reborn Baby Jude Kit Blank Unpainted Unfinished,reborn-dolls-kits,Kids,Kids Toys & Games,Reborn Dolls & Kits,Reborn Doll & Kit,baby,77,yes,single-evidence-lane,classification-review,yes,,,kids-toys-games,"Toys & Games > Toys > Dolls, Playsets & Toy Figures"
8052555743331,mens-handbags-briefcase-canvas-shoulder-bag-man-for-documents-large-capacity-tote-laptop-bag-crossbody-travel-bags-vintage-k004,Briefcase Canvas Shoulder Bag Documents Large,travel-bags,Camping & Travel Essentials,Travel Essentials,Travel Bags & Luggage,Travel Bag,men,77,yes,single-evidence-lane,classification-review,yes,,,travel-organizers,Luggage & Bags > Luggage
8098801582179,50m-wireless-hdmi-video-transmitter-and-receiver-extender-kit-display-adapter-dongle-for-type-c-phone-laptop-pc-to-tv-projector,Transmitter Receiver Extender Kit Display Adapter,wireless-hdmi-extenders,Electronic Accessories,Computer Accessories,Wireless Display Adapters,Wireless HDMI Extender,unisex,77,yes,single-evidence-lane,classification-review,yes,,,portable-gadgets,Electronics > Electronics Accessories > Audio & Video Accessories
8059450327139,beard-nourish-moisturizing-cream-men-whisker-balm-promote-hair-growth-moustache-wax-for-groomed-charming-beards-styling-products,Moisturizing Cream Whisker Balm Promote Hair,hair-care,Men,Men's Beauty & Skincare,Hair Care,Hair Care,men,76,yes,single-evidence-lane,classification-review | Moisturizer,yes,,,beauty-makeup-essentials,Health & Beauty > Personal Care > Hair Care
8098801254499,mobile-phone-video-rig-mobile-phone-grip-stabiliser-cage-with-cold-shoe-video-recording-film-rig-for-iphone-16-15-14-13-pro-max,Mobile Phone Video Rig Mobile Phone Grip Stabiliser Cage With Cold,shoes,Fashion,Fashion,Shoes & Footwear,Shoes,unisex,73,yes,single-evidence-lane,classification-review,yes,,,,Apparel & Accessories > Shoes
8052545880163,long-handled-lotion-oil-cream-applicator-body-leg-bath-brush-massager-massaging-tool-back-bath-massager,Long Handled Lotion Oil Cream Applicator,massage-wellness,Health & Wellness,Health & Wellness,Massage & Recovery,Massage & Recovery Tool,unisex,71,yes,single-evidence-lane,classification-review,yes,,,massage-tools | posture-support,Health & Beauty > Health Care
8052544569443,long-lasting-matte-white-and-smoky-black-eyeshadow-palette-delicate-high-pigment-monochrome-contour-enhancing-for-daily-wear,Long Lasting Matte White Smoky Black,eye-makeup,Beauty,Beauty & Skincare,Eye Makeup,Eye Makeup,unisex,73,yes,single-evidence-lane,classification-review,yes,,,eye-beauty-collection | beauty-makeup-essentials,Health & Beauty > Personal Care > Cosmetics > Eye Makeup
8036974919779,3-piece-kitchen-set-stainless-steel-mixing-bowl-cutting-system-easy-clean-design-space-saving-ideal-for-home-cooking,3 Piece Industrial Machine For Mixing And Filling Tasks,kitchen-gadgets,Home & Decor,Kitchen & Cookware,Kitchen Gadgets,Kitchen Gadget,unisex,76,yes,single-evidence-lane,classification-review,yes,,,kitchen-gadgets,Home & Garden > Kitchen & Dining > Kitchen Tools & Utensils
7847080525923,atwfs-electric-wireless-bottle-pump,Electric Wireless Bottle Kitchen Accessories,water-dispensers,Home & Decor,Kitchen & Cookware,Drinkware,Water Dispenser,unisex,75,yes,single-evidence-lane,car | classification-review,yes,,,dining-essentials,Home & Garden > Kitchen & Dining > Kitchen Appliances
8052514488419,cable-organizer-6pcs-cable-clip-desk-tidy-organiser-cable-winder-wire-cord-usb-charger-cord-holder-organizer-fixed-clasp,Cable Organizer 6pcs Clip Desk,charger,Electronic Accessories,Chargers,Power Adapters & Chargers,Charger,unisex,73,yes,single-evidence-lane,classification-review,yes,,,portable-gadgets,Electronics > Electronics Accessories > Power > Chargers
7799757471843,solar-led-floating-light-rgb-pool-garden-decor,Solar LED Floating Light RGB Pool,garden-tools,Home & Decor,Home & Car Accessories,Garden & Tools,Garden,unisex,70,yes,single-evidence-lane,classification-review,yes,,,garden-tools,Home & Garden > Lawn & Garden > Gardening
8059437416547,exfoliating-body-scrubber-soft-washcloth-for-dead-skin-removal-dry-brushing-long-bath-sponge-with-strap-for-shower-spa-1,Bath Washcloth For Daily Bath And Care Routines And Daily Care,cleaning-tools,Home & Decor,Home & Car Accessories,Cleaning Tools,Cleaning Tool,unisex,69,yes,single-evidence-lane,classification-review,yes,,,cleaning-tools,Home & Garden > Household Supplies > Household Cleaning Supplies
8058396213347,exfoliating-body-scrubber-soft-washcloth-for-dead-skin-removal-dry-brushing-long-bath-sponge-with-strap-for-shower-spa,Bath Washcloth For Daily Bath And Care Routines And Daily Care,cleaning-tools,Home & Decor,Home & Car Accessories,Cleaning Tools,Cleaning Tool,unisex,69,yes,single-evidence-lane,classification-review,yes,,,cleaning-tools,Home & Garden > Household Supplies > Household Cleaning Supplies
8058394083427,mens-wave-hair-gel-control-and-maintain-strong-non-greasy-styling-cream-for-layered-waves-easy-to-wash-out-stylish-wave-hairstyles-trendy-hair-styling-products-fashionable-hairstyles,Mens Wave Hair Gel Control Maintain,hair-care,Men,Men's Beauty & Skincare,Hair Care,Hair Care,men,76,yes,single-evidence-lane,classification-review,yes,,,beauty-makeup-essentials,Health & Beauty > Personal Care > Hair Care
7751196606563,foldable-trekking-poles-anti-shock-walking-sticks-for-hiking,Foldable Trekking Poles Anti Shock Walking,mobility-aids,Health & Wellness,Health & Wellness,Mobility & Support,Mobility Aid,unisex,75,yes,single-evidence-lane,classification-review,yes,,,mobility-support | daily-living-aids,Health & Beauty > Health Care
7746732294243,high-pressure-washer-gun-5-nozzles-m22-coupler-for-car-garden-cleaning,High Pressure Washer Gun Nozzles M22,garden-tools,Home & Decor,Home & Car Accessories,Garden & Tools,Garden,unisex,70,yes,single-evidence-lane,classification-review,yes,,,garden-tools,Home & Garden > Lawn & Garden > Gardening
8051911589987,long-lasting-setting-powder-and-loose-powder-oil-control-no-makeup-fallout-fine-powder-compact-powder-matte-powder,Powder Loose Oil Control No Makeup,compact-face-powders,Beauty,Beauty & Skincare,Face Makeup,Compact Face Powder,unisex,77,yes,single-evidence-lane,classification-review,yes,,,blush-glow | beauty-makeup-essentials,Health & Beauty > Personal Care > Cosmetics > Face Makeup
8051868893283,pump-makeup-fits-for-30ml-makeup-tools-used-double-wear-foundation-and-others-brand-liquid-foundation-liquid-foundation-packing,Pump Makeup Fits 30ML Tools,face-makeup,Beauty,Beauty & Skincare,Face Makeup,Face Makeup,unisex,73,yes,single-evidence-lane,Beauty and Makeups | classification-review,yes,,,blush-glow | beauty-makeup-essentials,Health & Beauty > Personal Care > Cosmetics > Face Makeup
8068228841571,japanese-lunch-boxes-with-lid-multi-functional-bento-boxes-rice-sushi-catering-storage-container-plastic-food-container,Japanese Lunch Boxes With Lid Multi Functional Bento Boxes Rice,food-storage-containers,Home & Decor,Kitchen & Cookware,Food Storage Containers,Food Storage Container,unisex,77,yes,single-evidence-lane,classification-review,yes,,,dining-essentials,Home & Garden > Kitchen & Dining > Food Storage
8058368786531,100-batana-oil-from-honduras-get-fuller-thicker-healthier-hair-great-men-conditioner-haircare-silky-hair-nutrition-oil,Batana Oil Honduras Get Fuller Thicker,hair-care,Men,Men's Beauty & Skincare,Hair Care,Hair Care,men,72,yes,single-evidence-lane,classification-review,yes,,,beauty-makeup-essentials,Health & Beauty > Personal Care > Hair Care
8076869894243,10-holes-children-electric-bubble-gun-rocket-soap-automatic-bubble-machine-bubbles-gun-kids-summer-outdoor-bubble-blowing-toys,10 Holes Children Electric Bubble Gun Rocket Soap Automatic Bubble,bubble-toys,Kids,Kids Toys & Games,Bubble Toys,Bubble Toy,kids,96,yes,Trained knowledge model disagrees with checked-in taxonomy: bubble-electric-guns.,classification-review,yes,,,kids-toys-games,Toys & Games > Toys
8076747014243,retro-perpetual-calendar-adjustable-date-display-wooden-desk-calendar-home-decor-reusable-easy-to-read-for-office,Retro Perpetual Calendar Adjustable Date Display,notebooks-planners,Office & School Supplies,Office & School Supplies,Notebooks & Planners,Notebook & Planner,unisex,86,yes,Trained knowledge model disagrees with checked-in taxonomy: home-decor.,classification-review,yes,,,,Office Supplies > Notebooks & Notepads
8059452489827,motocross-knee-pads-pe-motorcycle-protection-knee-soft-off-road-knee-protector-motorcycle-knee-protector-for-mtb-riding-off-road,Off Road Knee Protector Motorcycle Mtb,sports-protection,Sports & Fitness,Fitness Equipment,Sports Protection,Sports Protective Gear,unisex,75,yes,single-evidence-lane,classification-review,yes,,,,Sporting Goods > Athletics
8055704780899,ergonomic-waterproof-knee-pads-comfort-durable-protective-industrial-automotive-work-pad-anti-slip-shock-absorbing-heavy-duty,Industrial Automotive Work Pad Anti Slip,sports-protection,Sports & Fitness,Fitness Equipment,Sports Protection,Sports Protective Gear,unisex,75,yes,single-evidence-lane,classification-review,yes,,,,Sporting Goods > Athletics
8055704060003,1pc-waterproof-non-slip-foam-knee-pads-for-floor-and-garden-work-protection-comfortable-cushioning-knee-pads,1pc Waterproof Non Slip Foam Knee,sports-protection,Sports & Fitness,Fitness Equipment,Sports Protection,Sports Protective Gear,unisex,75,yes,single-evidence-lane,classification-review,yes,,,,Sporting Goods > Athletics
8055703765091,1pair-knee-protection-pad-ergonomic-waterproof-knee-pads-comfort-durability-protection-for-knee-manual-work-tools,1pair Knee Protection Pad Ergonomic Waterproof,sports-protection,Sports & Fitness,Fitness Equipment,Sports Protection,Sports Protective Gear,unisex,75,yes,single-evidence-lane,classification-review,yes,,,,Sporting Goods > Athletics
8052558495843,new-men-shoulder-bags-chest-bag-multifuncional-crossbody-bags-travel-sling-bag-1,Shoulder Bags Chest Bag Multifuncional Crossbody,handbags,Men,Men's Bags & Wallets,Handbags,Handbag,men,96,yes,Trained knowledge model disagrees with checked-in taxonomy: bags-general.,classification-review,yes,,,,Luggage & Bags > Handbags
8052546666595,40pcs-acne-patch-portable-acne-patch-to-cover-acne-marks-and-repair-acne-scars,Patch Portable Cover,acne-patches,Beauty,Beauty & Skincare,Skincare,Acne Patch,unisex,77,yes,single-evidence-lane,classification-review,yes,,,beauty-makeup-essentials,Health & Beauty > Personal Care > Cosmetics > Skin Care
8050009374819,womens-corset-корсет-postpartum-shapewear-charming-curves-body-shaper-slimming-fajas-front-closure-hook-eye-thigh-trimme,Womens Corset Postpartum Shapewear Charming Curves,lingerie-underwear,Women,Women's Fashion,Lingerie & Underwear,Lingerie & Underwear,women,87,yes,Trained knowledge model disagrees with checked-in taxonomy: corsets.,classification-review,yes,,,,Apparel & Accessories > Clothing > Underwear & Socks
8039686111331,tabletop-waterfall-home-decor-relaxation-meditation-desktop-fountain-lights-flowing-water-ornaments-mothers-day-festival-gifts,Tabletop Waterfall Decor Relaxation Meditation Desktop,sleep-wellness,Health & Wellness,Health & Wellness,Sleep & Relaxation,Sleep & Relaxation Product,unisex,84,yes,Trained knowledge model disagrees with checked-in taxonomy: home-decor.,classification-review,yes,,,sleep-essentials | relaxation-products,Health & Beauty > Health Care
8049761779811,nail-care-serum-gentle-moisturizing-nourishing-for-hands-feet-nails-daily-care-shiny-smooth-healthy-nail-surface,Nail Care Serum Gentle Moisturizing,skincare,Beauty,Beauty & Skincare,Skincare,Skincare,unisex,87,yes,Trained knowledge model disagrees with checked-in taxonomy: nail-care.,classification-review,yes,,,beauty-makeup-essentials,Health & Beauty > Personal Care > Cosmetics > Skin Care
8060564013155,professional-manual-barber-razor-haircut-shaving-tool-beard-eyebrow-trimming-blades-straight-edge-for-hairdresser-depilation,Professional Manual Barber Razor Haircut Shaving,grooming-tools,Beauty,Beauty & Skincare,Grooming Tools,Grooming Tool,unisex,77,yes,single-evidence-lane,classification-review,yes,,,beauty-makeup-essentials,Health & Beauty > Personal Care > Shaving & Grooming
8055365599331,summer-mens-work-vest-leisure-outdoor-men-breathable-mesh-sports-waistcoat-man-photography-fishing-sleeveless-jackets-clothing,Summer Mens Work Vest Leisure Outdoor,suits,Men,Men's Fashion,Suits & Formalwear,Suit,men,72,yes,single-evidence-lane,classification-review,yes,,,men-collection,Apparel & Accessories > Clothing > Suits
8051977420899,blusher-stick-natural-and-lasting-delicate-and-light-not-easy-to-fade-creating-a-natural-and-transparent-makeup-effect,Natural Lasting Delicate Light Not Easy,blush-sticks,Beauty,Beauty & Skincare,Face Makeup,Blush Stick,unisex,77,yes,single-evidence-lane,blush-stick | classification-review,yes,,,blush-glow | beauty-makeup-essentials,Health & Beauty > Personal Care > Cosmetics > Face Makeup
8059452031075,2pcs-breathable-knee-pads-sports-support-braces-for-men-women-arthritis-joints-protector-compression-sleeve-fitness-kneepad,Braces Arthritis Joints Protector Compression Sleeve,sports-protection,Sports & Fitness,Fitness Equipment,Sports Protection,Sports Protective Gear,men,75,yes,single-evidence-lane,classification-review,yes,,,,Sporting Goods > Athletics
8059451900003,1-pair-knee-support-protector-leg-arthritis-injury-gym-sleeve-elasticated-bandage-knee-pad-charcoal-knitted-knee-pads-warm,Pair Knee Support Protector Leg Arthritis,sports-protection,Sports & Fitness,Fitness Equipment,Sports Protection,Sports Protective Gear,unisex,75,yes,single-evidence-lane,classification-review,yes,,,,Sporting Goods > Athletics
8052515864675,eyelash-curler-with-pads-lash-curler-with-5-extra-replacement-pads-achieve-perfect-curls-in-5-seconds-lash-lift-kit-curved-1,Seconds Lash Lift Kit Curved,eye-makeup,Beauty,Beauty & Skincare,Eye Makeup,Eye Makeup,unisex,73,yes,single-evidence-lane,classification-review,yes,,,eye-beauty-collection | beauty-makeup-essentials,Health & Beauty > Personal Care > Cosmetics > Eye Makeup
8052515373155,eyelash-curler-with-pads-lash-curler-with-5-extra-replacement-pads-achieve-perfect-curls-in-5-seconds-lash-lift-kit-curved,Seconds Lash Lift Kit Curved,eye-makeup,Beauty,Beauty & Skincare,Eye Makeup,Eye Makeup,unisex,73,yes,single-evidence-lane,classification-review,yes,,,eye-beauty-collection | beauty-makeup-essentials,Health & Beauty > Personal Care > Cosmetics > Eye Makeup
8052514619491,organiser-bedroom-office-desk-designer-writing-dining-computer-office-desk-standing-unique-escritorio-esquinero-furnitures,Organiser Bedroom Office Desk Designer,dining,Home & Decor,Kitchen & Cookware,Dining & Serveware,Dining Accessory,unisex,71,yes,single-evidence-lane,classification-review,yes,,,dining-essentials,Home & Garden > Kitchen & Dining > Tableware
8052514455651,makeup-organizer-large-capacity-cosmetic-organizer-with-transparent-drawer-multi-functional-lipstick-cosmetic-organizer,Makeup Organizer Large Capacity Cosmetic,lip-care-makeup,Beauty,Beauty & Skincare,Lip Care & Makeup,Lip Product,unisex,73,yes,single-evidence-lane,classification-review,yes,,,lips-and-care | beauty-makeup-essentials,Health & Beauty > Personal Care > Cosmetics > Lip Makeup
8055704354915,2-pcs-knee-pads-sports-support-braces-for-men-women-arthritis-joints-protector-compression-sleeve-fitness-kneepad,Braces Arthritis Joints Protector Compression Sleeve,sports-protection,Sports & Fitness,Fitness Equipment,Sports Protection,Sports Protective Gear,men,75,yes,single-evidence-lane,classification-review,yes,,,,Sporting Goods > Athletics
8055704256611,work-knee-pads-professional-knee-pads-thick-foam-padding-double-strap-design-adjustable-breathable-design-ergonomic-knee-pads,Foam Padding Double Strap Design Adjustable,sports-protection,Sports & Fitness,Fitness Equipment,Sports Protection,Sports Protective Gear,unisex,75,yes,single-evidence-lane,classification-review,yes,,,,Sporting Goods > Athletics
8055704223843,knee-pads-professional-thick-foam-padding-double-strap-design-adjustable-work-knee-pads-breathable-design-ergonomic-knee-pads,Foam Padding Double Strap Design Adjustable,sports-protection,Sports & Fitness,Fitness Equipment,Sports Protection,Sports Protective Gear,unisex,75,yes,single-evidence-lane,classification-review,yes,,,,Sporting Goods > Athletics
8059450490979,anti-slip-professional-work-knee-pads-thick-foam-padding-double-strap-adjustable-breathable-ergonomic-for-construction-flooring,Foam Padding Double Strap Adjustable Breathable,sports-protection,Sports & Fitness,Fitness Equipment,Sports Protection,Sports Protective Gear,unisex,75,yes,single-evidence-lane,classification-review,yes,,,,Sporting Goods > Athletics
8048948609123,5pcs-waterproof-shower-cap-womens-household-bathing-anti-oil-smoke-hair-care-shower-cap-dry-hair-cap,Household Bathing Anti Oil Smoke Hair,hair-care,Women,Women's Beauty & Skincare,Hair Care,Hair Care,women,76,yes,single-evidence-lane,classification-review,yes,,,beauty-makeup-essentials,Health & Beauty > Personal Care > Hair Care
8052501119075,instant-volumising-lip-plumper-oil-lip-enhancer-lip-gloss-plumping-serum-moisturizing-anti-wrinkle-lipstick-sexy-lip-care-makeup,Lip Enhancer Lip Gloss,lip-care-makeup,Beauty,Beauty & Skincare,Lip Care & Makeup,Lip Product,unisex,96,yes,Trained knowledge model disagrees with checked-in taxonomy: lip-plumper-oils.,classification-review,yes,,,lips-and-care | beauty-makeup-essentials,Health & Beauty > Personal Care > Cosmetics > Lip Makeup
8052501807203,instant-volumising-lip-plumper-oil-lip-enhancer-lip-gloss-plumping-serum-moisturizing-anti-wrinkle-lipstick-sexy-lip-care-makeup-1,Lip Enhancer Lip Gloss,lip-care-makeup,Beauty,Beauty & Skincare,Lip Care & Makeup,Lip Product,unisex,96,yes,Trained knowledge model disagrees with checked-in taxonomy: lip-plumper-oils.,classification-review,yes,,,lips-and-care | beauty-makeup-essentials,Health & Beauty > Personal Care > Cosmetics > Lip Makeup
8055699374179,click-belts-for-men-luxury-brand-designer-fashion-automatic-buckle-genuine-leather-mens-jeans-high-quality-waist-male-strap-2,Quality Waist Male Strap,belt,Men,Men's Accessories,Belts,Belt,men,73,yes,single-evidence-lane,classification-review,yes,,,,Apparel & Accessories > Clothing Accessories > Belts
8052502102115,moroccan-argan-oil-lip-plumping-essence-moisturizing-and-nourishing-lip-balm-suitable-for-all-skin-types-natural-makeup,Moroccan Argan Oil Lip Plumping Essence,lip-care-makeup,Beauty,Beauty & Skincare,Lip Care & Makeup,Lip Product,unisex,77,yes,single-evidence-lane,classification-review,yes,,,lips-and-care | beauty-makeup-essentials,Health & Beauty > Personal Care > Cosmetics > Lip Makeup
8052502364259,lip-plumping-oil-hydrating-lip-gloss-fuller-glossy-lips-lip-plumper-serum-moisturizing-lip-care-essential-oil-soft-lips-women,Lip Plumping Oil Hydrating Gloss Fuller,essential-oils,Health & Wellness,Health & Wellness,Aromatherapy & Essential Oils,Essential Oil,women,77,yes,single-evidence-lane,classification-review,yes,,,health-wellness,Health & Beauty > Personal Care
8058367705187,hair-steamer-luxury-household-oil-treatment-machine-hair-salon,Steamer Household Oil Treatment Machine,salon-hair-steamers,Beauty,Beauty & Skincare,Hair Care,Salon Hair Steamer,unisex,77,yes,single-evidence-lane,classification-review | salon-hair-steamer,yes,,,beauty-makeup-essentials,Health & Beauty > Personal Care > Hair Care
8052502462563,collagen-lip-plumping-oil-instant-long-lasting-volumise-deeply-moisturize-reduce-lip-lines-lightweight-non-sticky-lip-balm-oil,Collagen Lip Plumping Oil Instant Long,lip-care-makeup,Beauty,Beauty & Skincare,Lip Care & Makeup,Lip Product,unisex,77,yes,single-evidence-lane,classification-review,yes,,,lips-and-care | beauty-makeup-essentials,Health & Beauty > Personal Care > Cosmetics > Lip Makeup
8052548796515,makeup-removal-oil-for-face-purifying-pores-shrinking-refreshing-non-irritating-cleansing-oil-remove-blackhead-soothing-skin-oil,Makeup Removal Oil Face Purifying Pores,cleansing-oils,Beauty,Beauty & Skincare,Skincare,Cleansing Oil,unisex,77,yes,single-evidence-lane,classification-review,yes,,,beauty-makeup-essentials,Health & Beauty > Personal Care > Cosmetics > Skin Care
8058367279203,eelhoe-rosemary-oil-grows-hair-loss-treatment-bald-head-hair-regrowth-moisturizing-hair-scalp-massager-rosemary-essential-oil,Eelhoe Rosemary Oil Grows Hair Loss,essential-oils,Health & Wellness,Health & Wellness,Aromatherapy & Essential Oils,Essential Oil,unisex,77,yes,single-evidence-lane,classification-review,yes,,,health-wellness,Health & Beauty > Personal Care
8060590686307,laptop-sleeve-bag-14-15-6-inch-notebook-pouch-for-macbook-hp-dell-acer-shockproof-computer-briefcase-travel-business-men-case,Laptop Sleeve Bag Inch Notebook Pouch,laptop-sleeves,Electronic Accessories,Computer Accessories,Laptop Accessories,Laptop Sleeve,men,77,yes,single-evidence-lane,classification-review,yes,,,portable-gadgets,Electronics > Computers > Computer Accessories
8055698063459,luxury-brand-belts-for-men-high-quality-genuine-leather-mens-belts-vintage-alloy-buckle-western-style-pin-buckle-waist-strap,Pin Buckle Waist Strap,belt,Men,Men's Accessories,Belts,Belt,men,73,yes,single-evidence-lane,classification-review,yes,,,,Apparel & Accessories > Clothing Accessories > Belts
8052504100963,lips-scrub-make-tender-lip-mask-makeup-exfoliating-exfoliation-gentle-moisturizing-conditioning-exfoliate-care-lips-balm-make-up,Make Tender Lip Mask Makeup Exfoliating,lip-care-makeup,Beauty,Beauty & Skincare,Lip Care & Makeup,Lip Product,unisex,77,yes,single-evidence-lane,classification-review,yes,,,lips-and-care | beauty-makeup-essentials,Health & Beauty > Personal Care > Cosmetics > Lip Makeup
8055697473635,click-belts-for-men-luxury-brand-designer-fashion-automatic-buckle-genuine-leather-mens-jeans-high-quality-waist-male-strap-1,Quality Waist Male Strap,belt,Men,Men's Accessories,Belts,Belt,men,73,yes,single-evidence-lane,classification-review,yes,,,,Apparel & Accessories > Clothing Accessories > Belts
8055697375331,designer-belts-men-genuine-leather-crocodile-grain-strap-luxury-no-buckle-business-automatic-belt-ceinture-homme,Leather Crocodile Grain Strap No,belt,Men,Men's Accessories,Belts,Belt,men,73,yes,single-evidence-lane,classification-review,yes,,,,Apparel & Accessories > Clothing Accessories > Belts
7747141927011,crystal-healing-chakra-stones-pillar-set-yoga-energy-home-decor-gift,Crystal Healing Chakra Stones Pillar Yoga,fitness-equipment,Sports & Fitness,Fitness Equipment,Fitness & Training,Fitness Equipment,unisex,86,yes,Trained knowledge model disagrees with checked-in taxonomy: home-decor.,classification-review,yes,,,,Sporting Goods > Exercise & Fitness
8051168673891,tote-bags-flower-print-womens-grocery-handbags-outdoor-foldable-shopper-eco-shopping-bag-reusable-storage-bag-organizer-bags,Tote Bags Flower Print Womens,shopping-bags,Women,Women's Bags & Wallets,Shopping Bags,Shopping Bag,women,75,yes,single-evidence-lane,classification-review,yes,,,shopping-bags-jute-bags,Luggage & Bags > Shopping Totes
7744583696483,moroccan-style-hexagonal-floor-stickers-non-slip-waterproof-decals,Moroccan Hexagonal Floor Stickers Non Slip,moroccan-floor-tile-stickers,Home & Decor,Home & Car Accessories,Floor & Wall Decor,Moroccan Floor Tile Sticker,unisex,77,yes,single-evidence-lane,classification-review | moroccan-floor-tile-sticker,yes,,,home-decor,Home & Garden > Decor > Stickers
7744579305571,colorful-drinking-straws-wedding-party-supplies-kitchen-essentials,Party Supplies Kitchen Kitchen Accessories,drinking-straws,Home & Decor,Kitchen & Cookware,Dining & Serveware,Drinking Straw,unisex,77,yes,single-evidence-lane,classification-review | drinking-straw,yes,,,dining-essentials,Home & Garden > Kitchen & Dining > Tableware
8055693181027,click-belts-for-men-luxury-brand-designer-fashion-automatic-buckle-genuine-leather-mens-jeans-high-quality-waist-male-strap,Quality Waist Male Strap,belt,Men,Men's Accessories,Belts,Belt,men,73,yes,single-evidence-lane,classification-review,yes,,,,Apparel & Accessories > Clothing Accessories > Belts
8052545454179,flower-knows-sweetie-bear-collection-embossed-6-color-eyeshadow-palette-matte-pearlescent-eyeshadow-natural-makeup-cosmetics,Flower Knows Sweetie Bear Collection Embossed,eye-makeup,Beauty,Beauty & Skincare,Eye Makeup,Eye Makeup,unisex,73,yes,single-evidence-lane,classification-review,yes,,,eye-beauty-collection | beauty-makeup-essentials,Health & Beauty > Personal Care > Cosmetics > Eye Makeup
7738957627491,multifunctional-knife-sharpener-fast-sharpening-for-kitchen-scissors,Sharpener Fast Sharpening Kitchen Scissors Kitchen Accessories,kitchen-food-prep,Home & Decor,Kitchen & Cookware,Kitchen Gadgets,Kitchen Food Prep Tool,unisex,76,yes,single-evidence-lane,classification-review,yes,,,kitchen-gadgets,Home & Garden > Kitchen & Dining > Kitchen Tools & Utensils
8052544045155,40-74-78-colors-glitter-eyeshadow-palette-matte-waterproof-long-lasting-pressed-powder-cosmetics-kit-fashion-women-makeup-tools,Pressed Powder Cosmetics Kit Makeup Tools,eye-makeup,Women,Women's Beauty & Skincare,Eye Makeup,Eye Makeup,women,73,yes,single-evidence-lane,classification-review,yes,,,eye-beauty-collection | beauty-makeup-essentials,Health & Beauty > Personal Care > Cosmetics > Eye Makeup
8036977672291,wooden-bowl-wooden-ramen-bowl-for-kitchen-solid-wood-durable-for-soup-decorative-container-home-decoration-storage-serving-bowl,Wooden Bowl Ramen Kitchen,serveware,Home & Decor,Kitchen & Cookware,Dining & Serveware,Serveware,unisex,77,yes,single-evidence-lane,classification-review,yes,,,dining-essentials,Home & Garden > Kitchen & Dining > Tableware
8050010685539,women-t-shirts-sexy-and-club-fashion-female-t-shirt-long-sleeve-off-shoulder-solid-color-lady-tshirt-autumn-basic-tees-1,Unisex Solid Color Casual Shirt For Daily And Casual Outfit Styling,womens-blouses,Women,Women's Fashion,Shirts & Blouses,Women's Blouse,women,96,yes,Trained knowledge model disagrees with checked-in taxonomy: t-shirts.,classification-review,yes,,,,Apparel & Accessories > Clothing > Shirts & Tops
8051873480803,makeup-finishing-spray-uv-protect-oil-control-transfer-resistant-smudge-proof-waterproof-makeup-primer-hydrating-setting-spray,Spray Uv Protect Oil Control Transfer,makeup-primers,Beauty,Beauty & Skincare,Face Makeup,Makeup Primer,unisex,77,yes,single-evidence-lane,classification-review,yes,,,blush-glow | beauty-makeup-essentials,Health & Beauty > Personal Care > Cosmetics > Face Makeup
8052509671523,lip-plumping-oil-moisturizing-and-hydrating-color-enhancing-base-lip-care-lip-liquid-glass-lip-effect-glossy-mirror-finish-gentle-colorless-lip-oil,Lip Plumping Oil Moisturizing Hydrating Color,lip-care-makeup,Beauty,Beauty & Skincare,Lip Care & Makeup,Lip Product,unisex,77,yes,single-evidence-lane,classification-review,yes,,,lips-and-care | beauty-makeup-essentials,Health & Beauty > Personal Care > Cosmetics > Lip Makeup
8050009735267,womens-corset-body-shapewear-sexy-wide-leather-belt-cummerbunds-strap-belts-for-women-high-waist-slimming-corsets-and-bustiers,Unisex High Waist Suit Set For Daily And Casual Outfit Styling,suits,Women,Women's Fashion,Suits & Formalwear,Suit,women,76,yes,single-evidence-lane,classification-review,yes,,,,Apparel & Accessories > Clothing > Suits
8060585672803,lightweight-ergonomic-comfortable-non-slip-mice-mat-wrist-support-mouse-pad-for-pc-laptop,Comfortable Non Slip Mice Mat Wrist,mouse-pad,Electronic Accessories,Mouse & Keyboard,Mouse Pads,Mouse Pad,unisex,77,yes,single-evidence-lane,classification-review,yes,,,portable-gadgets,Electronics > Computers > Computer Accessories > Mouse Pads
8059437023331,body-soap-deep-cleansing-gentle-nourishment-oil-control-odor-removal-moisturizing-refreshing-fragrant-for-clean-skin,Cleansing Gentle Nourishment Oil Control Odor,body-cleansing-soaps,Beauty,Beauty & Skincare,Body Care,Body Cleansing Soap,unisex,77,yes,single-evidence-lane,body-cleansing-soap | classification-review,yes,,,beauty-makeup-essentials,Health & Beauty > Personal Care > Bath & Body
8059436695651,bath-sponge-exfoliating-bath-scrubbing-sponges-body-washcloth-skin-scrubber-relax-exfoliating-skincare-shower-scrubbing-tool-2,Bath Sponge Exfoliating Scrubbing Sponges,skincare,Beauty,Beauty & Skincare,Skincare,Skincare,unisex,73,yes,single-evidence-lane,classification-review,yes,,,beauty-makeup-essentials,Health & Beauty > Personal Care > Cosmetics > Skin Care
8036975968355,6piece-stainless-steel-handle-kitchen-knife-set-suitable-for-home-kitchen-and-dining-room-including-steak-knife-forks-and-spoons,Stainless Steel Handle Kitchen Knife Suitable Kitchen Dining Dining,dining,Home & Decor,Kitchen & Cookware,Dining & Serveware,Dining Accessory,unisex,90,yes,Trained knowledge model disagrees with checked-in taxonomy: kitchen-knife-sets.,classification-review,yes,,,dining-essentials,Home & Garden > Kitchen & Dining > Tableware
8051869319267,makeup-brush-set-13pcs-set-professional-cosmetic-brushes-kit-travel-soft-makeup-brush-set-concealer-brush-detail-makeup-brus,Professional Cosmetic Brushes Kit Travel Soft,makeup-brush-sets,Beauty,Beauty & Skincare,Beauty Tools,Makeup Brush Set,unisex,77,yes,single-evidence-lane,classification-review,yes,,,beauty-makeup-essentials,Health & Beauty > Personal Care > Cosmetics
8097457602659,trigeminal-phalaenopsis-artificial-flowers-wedding-decoration-bonsai-with-pots-creative-ornaments-artificial-plant-pots-fz301,Trigeminal Phalaenopsis Artificial Flowers Wedding Decoration Bonsai,artificial-plants,Home & Decor,Lighting & Decor,Home Decor,Artificial Plant Decor,unisex,77,yes,single-evidence-lane,classification-review,yes,,,home-decor | decorative-accessories,Home & Garden > Decor
8059436007523,whipped-soap-bath-cleansing-exfoliating-body-wash-moisturizing-smooth-skin-rainbow-scrub-soften-shave-vegan-handmade-shower-soap,Whipped Soap Bath Cleansing Exfoliating Body,body-care,Beauty,Beauty & Skincare,Body Care,Body Care,unisex,77,yes,single-evidence-lane,classification-review,yes,,,beauty-makeup-essentials,Health & Beauty > Personal Care > Cosmetics > Skin Care
8065687519331,kids-children-orthotics-insoles-for-flat-feet-arch-support-correction-foot-care-for-kid-orthopedic-insole-soles-shoes-inserts,Kids Children Orthotics Insoles For Flat Feet Arch Support,shoes,Kids,Kids Wear,Shoes & Footwear,Shoes,kids,73,yes,single-evidence-lane,classification-review,yes,,,,Apparel & Accessories > Shoes
8036975116387,2pcs-electric-grinder-salt-pepper-mill-sets-with-led-light-one-hand-automatic-operation-adjustable-coarseness-kitchen-gadget,Pepper Mill LED Light One Hand,kitchen-gadgets,Home & Decor,Kitchen & Cookware,Kitchen Gadgets,Kitchen Gadget,unisex,76,yes,single-evidence-lane,classification-review,yes,,,kitchen-gadgets,Home & Garden > Kitchen & Dining > Kitchen Tools & Utensils
8050008359011,women-t-shirts-sexy-and-club-fashion-female-t-shirt-long-sleeve-off-shoulder-solid-color-lady-tshirt-autumn-basic-tees,Unisex Solid Color Casual Shirt For Daily And Casual Outfit Styling,womens-blouses,Women,Women's Fashion,Shirts & Blouses,Women's Blouse,women,96,yes,Trained knowledge model disagrees with checked-in taxonomy: t-shirts.,classification-review,yes,,,,Apparel & Accessories > Clothing > Shirts & Tops
8060579512419,laptop-sleeve-bag-13-3-14-1-15-4-16-inch-notebook-pouch-for-macbook-hp-dell-acer-shockproof-briefcase-travel-business-men-case,Laptop Sleeve Bag Inch Notebook Pouch,laptop-sleeves,Electronic Accessories,Computer Accessories,Laptop Accessories,Laptop Sleeve,men,77,yes,single-evidence-lane,classification-review,yes,,,portable-gadgets,Electronics > Computers > Computer Accessories
8060578758755,14laptop-sleeve-case-cover-for-asus-zenbook-vivobook-14-lenovo-ideapad-14thinkpad-hp-14-chromebook-x360-steam-pavilion-handbag,14laptop Sleeve Case Cover Asus Zenbook,handbags,Fashion,Bags & Wallets,Handbags,Handbag,unisex,73,yes,single-evidence-lane,classification-review,yes,,,,Luggage & Bags > Handbags
8036973019235,westtune-outdoor-wireless-air-pump-travel-vacuum-pump-with-inflatable-deflate-portable-electric-mini-inflatable-pumps-for-mats,Portable Wireless Tire Inflator For Cars And Bicycles,tire-inflators,Automotive,Vehicle Accessories,Tire Inflators & Pumps,Tire Inflator,unisex,76,yes,single-evidence-lane,classification-review,yes,,,car-accessories,Vehicles & Parts > Vehicle Parts & Accessories
8094217699427,credit-card-led-newspaper-maps-small-prints-loupe-lens-reading-magnifiers-magnifier-sheet-magnifying-glass-1,Credit Card LED Newspaper Maps Small Prints Loupe Lens Reading,reading-accessories,Office & School Supplies,Office & School Supplies,Reading Accessories,Reading Accessory,unisex,75,yes,single-evidence-lane,classification-review,yes,,,,Office Supplies > General Office Supplies
8068260036707,smokebuddy-jr-black-personal-air-filter-smokebuddy-portable-secondhand-smoke-air-purifier-with-smoke-trap,Smokebuddy Jr Black Personal Air Filter,home-air-appliances,Home & Decor,Home & Car Accessories,Home Air Appliances,Home Air Appliance,unisex,74,yes,single-evidence-lane,classification-review,yes,,,home-decor,Home & Garden > Household Appliances
8066119598179,custom-waterproof-kids-daycare-labels-120-pcs-personalized-tags-for-clothes-bottles-backpacks-school-supplies,Custom Waterproof Kids Daycare Labels 120 Pcs Personalized Tags For,backpacks,Camping & Travel Essentials,Travel Essentials,Backpacks,Backpack,kids,73,yes,single-evidence-lane,classification-review,yes,,,travel-organizers | shopping-bags-jute-bags,Luggage & Bags > Backpacks
8060577742947,laptop-sleeve-bag-13-14-2-15-16-inch-notebook-pouch-for-macbook-hp-dell-acer-shockproof-computer-briefcase-travel-business-case,Laptop Sleeve Bag Inch Notebook Pouch,laptop-sleeves,Electronic Accessories,Computer Accessories,Laptop Accessories,Laptop Sleeve,unisex,77,yes,single-evidence-lane,classification-review,yes,,,portable-gadgets,Electronics > Computers > Computer Accessories
8060577513571,laptop-sleeve-bag-13-17-inch-notebook-pouch-shockproof-computer-briefcase-travel-business-men-case,Laptop Sleeve Bag Inch Notebook Pouch,laptop-sleeves,Electronic Accessories,Computer Accessories,Laptop Accessories,Laptop Sleeve,men,77,yes,single-evidence-lane,classification-review,yes,,,portable-gadgets,Electronics > Computers > Computer Accessories
8060554838115,thumb-manual-razor-straight-edge-haircut-beard-eyebrow-shaver-men-depilation-razor-hairdresser-trimming-replaceable-blades,Thumb Manual Razor Straight Edge Haircut,eye-makeup,Men,Men's Beauty & Skincare,Eye Makeup,Eye Makeup,men,73,yes,single-evidence-lane,classification-review,yes,,,eye-beauty-collection | beauty-makeup-essentials,Health & Beauty > Personal Care > Cosmetics > Eye Makeup
8068256759907,protective-case-cover-for-realme-buds-air-6-pro-air-6-silicone-storage-case-eardbuds-shell-sleeves,Silicone Protective Case For Realme Buds Air 6 Pro,realme-earbuds-protective-cases,Electronic Accessories,Covers & Cases,Earbuds Cases,Earbuds Protective Case,unisex,77,yes,single-evidence-lane,classification-review,yes,,,covers-cases | portable-gadgets,"Electronics > Electronics Accessories > Cases, Covers & Skins"
8098812559459,baby-carrier-infant-multifunctional-waist-stool-newborn-to-toddler-before-and-after-kangaroo-bag-accessories-6-in-1-baby-carrier,Baby Carrier Infant Multifunctional Waist Stool Newborn To Toddler,bags-general,Fashion,Bags & Wallets,Bags,Bag,baby,69,yes,single-evidence-lane,classification-review,yes,,,shopping-bags-jute-bags,Luggage & Bags
8060553789539,electric-smart-shaver-digital-display-waterproof-beard-trimmer-for-men-mini-dual-blade-shaver-powerful-beard-trimmer-remover,Electric Smart Shaver Digital Display Waterproof,grooming-tools,Men,Men's Beauty & Skincare,Grooming Tools,Grooming Tool,men,77,yes,single-evidence-lane,classification-review,yes,,,beauty-makeup-essentials,Health & Beauty > Personal Care > Shaving & Grooming
8066186117219,kitchen-glass-spice-bottle-adjustable-refillable-salt-and-pepper-shakers-2pcs-set-with-shelf-spice-dispenser-with-pour-holes-1,Kitchen Glass Spice Bottle Adjustable Refillable Salt And Pepper,kitchen-seasoning,Home & Decor,Kitchen & Cookware,Kitchen Gadgets,Seasoning & Dispenser Tool,unisex,75,yes,single-evidence-lane,classification-review,yes,,,kitchen-gadgets | dining-essentials,Home & Garden > Kitchen & Dining > Kitchen Tools & Utensils
8053854961763,kitchen-cleaning-cloths-disposable-cleaning-dishwashing-cloth-versatile-non-woven-super-absorbent-towel-wet-dry-dual-use,Kitchen Cleaning Cloths Disposable,towels,Home & Decor,"Bedsheets, Handlooms & Towels",Towels,Towel,unisex,72,yes,single-evidence-lane,classification-review,yes,,,,Home & Garden > Linens & Bedding > Towels
8060551626851,barber-manual-razor-straight-edge-haircut-beard-eyebrow-shaver-men-depilation-razor-hairdresser-trimming-blades-replaceable,Barber Manual Razor Straight Edge Haircut,eye-makeup,Men,Men's Beauty & Skincare,Eye Makeup,Eye Makeup,men,73,yes,single-evidence-lane,classification-review,yes,,,eye-beauty-collection | beauty-makeup-essentials,Health & Beauty > Personal Care > Cosmetics > Eye Makeup
8058397065315,body-cleansing-soap-moisturizing-brightening-for-back-acne-free-natural-body-wash-bar-deep-clean-removes-odors-smooth-skin-100g,Body Cleansing Soap Moisturizing Brightening Back,body-care,Beauty,Beauty & Skincare,Body Care,Body Care,unisex,77,yes,single-evidence-lane,classification-review,yes,,,beauty-makeup-essentials,Health & Beauty > Personal Care > Cosmetics > Skin Care
8058396803171,bath-sponge-exfoliating-bath-scrubbing-sponges-body-washcloth-skin-scrubber-relax-exfoliating-skincare-shower-scrubbing-tool,Bath Sponge Exfoliating Scrubbing Sponges,skincare,Beauty,Beauty & Skincare,Skincare,Skincare,unisex,73,yes,single-evidence-lane,classification-review,yes,,,beauty-makeup-essentials,Health & Beauty > Personal Care > Cosmetics > Skin Care
8058395820131,body-cleansing-soap-back-acne-care-moisturizing-brightening-body-wash-bar-deep-clean-removes-odors-smooth-skin-shower-soap-100g,Body Cleansing Soap Back Acne Care,body-care,Beauty,Beauty & Skincare,Body Care,Body Care,unisex,77,yes,single-evidence-lane,classification-review,yes,,,beauty-makeup-essentials,Health & Beauty > Personal Care > Cosmetics > Skin Care
8058395918435,whitening-body-shower-gel-volcanic-mud-shower-whole-body-fast-whitening-body-wash-remove-gel-cleaning-skin-care,Whitening Body Shower Gel Volcanic Mud,body-care,Beauty,Beauty & Skincare,Body Care,Body Care,unisex,77,yes,single-evidence-lane,classification-review,yes,,,beauty-makeup-essentials,Health & Beauty > Personal Care > Cosmetics > Skin Care
8059445608547,natural-soap-for-men-handmade-moisturizing-exfoliating-scrub-soap-bar-with-essential-oils-cleansing-nourishing-mens-bar-soap-1,Natural Soap Handmade Moisturizing Exfoliating Scrub,essential-oils,Health & Wellness,Health & Wellness,Aromatherapy & Essential Oils,Essential Oil,men,77,yes,single-evidence-lane,classification-review,yes,,,health-wellness,Health & Beauty > Personal Care
8052483981411,xiusuzaki-u-w-yy-lashes-extensions-matte-black-double-tips-yy-u-eyelashes-premade-fans-volume-false-lashes-extensions-makeup,Xiusuzaki U W Yy Lashes Extensions,eye-makeup,Beauty,Beauty & Skincare,Eye Makeup,Eye Makeup,unisex,73,yes,single-evidence-lane,classification-review,yes,,,eye-beauty-collection | beauty-makeup-essentials,Health & Beauty > Personal Care > Cosmetics > Eye Makeup
8052554137699,new-men-shoulder-bags-chest-bag-multifuncional-crossbody-bags-travel-sling-bag,Shoulder Bags Chest Bag Multifuncional Crossbody,handbags,Men,Men's Bags & Wallets,Handbags,Handbag,men,96,yes,Trained knowledge model disagrees with checked-in taxonomy: bags-general.,classification-review,yes,,,,Luggage & Bags > Handbags
8051910279267,centella-cleansing-oil-makeup-remover-gentle-facial-cleansing-moisturizing-vitamin-e-oil-control-shrink-pores-skincare-products,Centella Cleansing Oil Makeup Remover Gentle,skincare,Beauty,Beauty & Skincare,Skincare,Skincare,unisex,73,yes,single-evidence-lane,classification-review,yes,,,beauty-makeup-essentials,Health & Beauty > Personal Care > Cosmetics > Skin Care
8059444953187,moisturizing-lip-mask-gentle-hydration-to-nourish-and-soften-lips-making-them-smooth-and-delicate-suitable-for-daily-use-1,Moisturizing Lip Mask Gentle Hydration Nourish,hydrating-lip-masks,Beauty,Beauty & Skincare,Lip Care & Makeup,Hydrating Lip Mask,unisex,77,yes,single-evidence-lane,classification-review | hydrating-lip-mask,yes,,,lips-and-care | beauty-makeup-essentials,Health & Beauty > Personal Care > Cosmetics > Lip Makeup
8059444985955,mens-collagen-moisturizing-cream-with-retinol-and-vitamins-refreshing-and-hydrating-anti-wrinkle-aging-moisturizing-cream-1,Mens Collagen Moisturizing Cream Retinol Vitamins,mens-retinol-face-creams,Men,Men's Beauty & Skincare,Skincare,Men's Retinol Face Cream,men,77,yes,single-evidence-lane,classification-review | men-s-retinol-face-cream,yes,,,men-collection,Health & Beauty > Personal Care > Cosmetics > Skin Care
8059444789347,moisturizing-multi-balm-stick-for-dry-sensitive-skin-9g-korean-skincare-all-in-one-face-eye-neck-lip-non-greasy-beauty-stick-1,Moisturizing Multi Balm Stick Dry Sensitive,skincare,Beauty,Beauty & Skincare,Skincare,Skincare,unisex,73,yes,single-evidence-lane,classification-review,yes,,,beauty-makeup-essentials,Health & Beauty > Personal Care > Cosmetics > Skin Care
8055558996067,yoga-shorts-women-fitness-elastic-running-workout-short-leggings-for-ladies-gym-sport-shorts-fitness-sportwear,Yoga Gym Yoga Band For Stretching And Fitness Routines,shorts,Women,Women's Fashion,Shorts,Shorts,women,72,yes,single-evidence-lane,classification-review,yes,,,,Apparel & Accessories > Clothing > Shorts
8058391527523,hair-inhibitor-oil-natural-soothing-body-oil-for-hair-removal-smoothing-skin-reduces-hairs-shrink-pores-for-all-skin-types,Hair Inhibitor Oil Natural Soothing Body,body-care,Beauty,Beauty & Skincare,Body Care,Body Care,unisex,77,yes,single-evidence-lane,classification-review,yes,,,beauty-makeup-essentials,Health & Beauty > Personal Care > Cosmetics > Skin Care
8052552925283,hot-sale-new-men-fashion-business-briefcase-high-quality-leather-handbag-large-capacity-shoulder-bags-laptop-bags-messenger-bag,Laptop Bags Messenger Bag,laptop-accessory,Electronic Accessories,Computer Accessories,Laptop Accessories,Laptop Accessory,men,90,yes,Trained knowledge model disagrees with checked-in taxonomy: bags-general.,classification-review,yes,,,portable-gadgets,Electronics > Computers > Computer Accessories
8036976230499,artificial-plant-2-1m-green-ivy-leaf-wreath-silk-wall-diy-hanging-vine-family-garden-decoration-wedding-party-fake-wreath-leaves,Silk Wall Kitchen Dining Accessories,artificial-plants,Home & Decor,Lighting & Decor,Home Decor,Artificial Plant Decor,unisex,77,yes,single-evidence-lane,classification-review,yes,,,home-decor | decorative-accessories,Home & Garden > Decor
8055603593315,casual-business-women-suit-new-long-sleeve-professional-western-style-trousers-suit-blazer-chic-high-waisted-pants-2-piece-set,Casual Business Suit Long Sleeve Professional,suits,Women,Women's Fashion,Suits & Formalwear,Suit,women,76,yes,single-evidence-lane,classification-review,yes,,,,Apparel & Accessories > Clothing > Suits
8055603331171,business-men-office-work-two-piece-suit-set-cotton-linen-blazer-jacket-pants-slim-fit-party-set-fashion-groom-wedding-dress-suit,Work Two Piece Suit Cotton Linen,suits,Men,Men's Fashion,Suits & Formalwear,Suit,men,76,yes,single-evidence-lane,classification-review,yes,,,men-collection,Apparel & Accessories > Clothing > Suits
8059441741923,natural-soap-for-men-handmade-moisturizing-exfoliating-scrub-soap-bar-with-essential-oils-cleansing-nourishing-mens-bar-soap,Natural Soap Handmade Moisturizing Exfoliating Scrub,essential-oils,Health & Wellness,Health & Wellness,Aromatherapy & Essential Oils,Essential Oil,men,77,yes,single-evidence-lane,classification-review,yes,,,health-wellness,Health & Beauty > Personal Care
8059441643619,collagen-moisturizing-mask-deep-hydration-lock-soothing-redness-cuticle-repair-long-lasting-moisturization-hydrating-face-mask,Collagen Moisturizing Mask Deep Hydration Lock,face-masks,Beauty,Beauty & Skincare,Face Masks,Face Mask,unisex,77,yes,single-evidence-lane,classification-review,yes,,,,Health & Beauty > Personal Care > Cosmetics > Skin Care
8059441479779,moisturizing-multi-balm-stick-for-dry-sensitive-skin-9g-korean-skincare-all-in-one-face-eye-neck-lip-non-greasy-beauty-stick,Moisturizing Multi Balm Stick Dry Sensitive,skincare,Beauty,Beauty & Skincare,Skincare,Skincare,unisex,73,yes,single-evidence-lane,classification-review,yes,,,beauty-makeup-essentials,Health & Beauty > Personal Care > Cosmetics > Skin Care
8059441447011,mens-collagen-moisturizing-cream-with-retinol-and-vitamins-refreshing-and-hydrating-anti-wrinkle-aging-moisturizing-cream,Mens Collagen Moisturizing Cream Retinol Vitamins,mens-retinol-face-creams,Men,Men's Beauty & Skincare,Skincare,Men's Retinol Face Cream,men,77,yes,single-evidence-lane,classification-review | men-s-retinol-face-cream,yes,,,men-collection,Health & Beauty > Personal Care > Cosmetics > Skin Care
8059441152099,moisturizing-lip-mask-gentle-hydration-to-nourish-and-soften-lips-making-them-smooth-and-delicate-suitable-for-daily-use,Moisturizing Lip Mask Gentle Hydration Nourish,hydrating-lip-masks,Beauty,Beauty & Skincare,Lip Care & Makeup,Hydrating Lip Mask,unisex,77,yes,single-evidence-lane,classification-review | hydrating-lip-mask,yes,,,lips-and-care | beauty-makeup-essentials,Health & Beauty > Personal Care > Cosmetics > Lip Makeup
8051858964579,cc-cream-isolation-cream-facial-brightening-concealer-invisible-pore-makeup-primer,Cc Cream Isolation Facial Brightening,color-correcting-makeup-bases,Beauty,Beauty & Skincare,Face Makeup,Color Correcting Makeup Base,unisex,77,yes,single-evidence-lane,classification-review,yes,,,blush-glow | beauty-makeup-essentials,Health & Beauty > Personal Care > Cosmetics > Face Makeup
8051176276067,honor-choice-watch-2i-global-version-14-day-long-battery-life-1-85-amoled-screen-smart-watch,Honor Choice Watch 2i Global Version,smart-watch,Watches,Watches,Smart Watches,Smart Watch,unisex,77,yes,single-evidence-lane,classification-review,yes,,,portable-gadgets,Electronics > Electronics Accessories > Wearable Technology
8051858669667,crude-shea-butter-cream-for-extremely-dry-skin-deep-moisturizing-nourishing-multi-purpose-skin-care-face-hand-body-cream-120g,Crude Shea Butter Cream Extremely Dry,body-care,Beauty,Beauty & Skincare,Body Care,Body Care,unisex,77,yes,single-evidence-lane,classification-review,yes,,,beauty-makeup-essentials,Health & Beauty > Personal Care > Cosmetics > Skin Care
8051986694243,2pcs-angled-blade-eyeliner-brush-ultra-thin-fine-eyebrow-brush-flat-sickle-eyeliner-brushes-thin-angled-eyeliner-makeup-tools,2 Piece Makeup Brush For Beauty Organization And Makeup Use,beauty-tools,Beauty,Beauty & Skincare,Beauty Tools,Beauty Tool,unisex,73,yes,single-evidence-lane,classification-review,yes,,,beauty-makeup-essentials,Health & Beauty > Personal Care > Cosmetics
8051176177763,multifunctional-smart-watch-with-replacement-watch-band-fashion-digital-watch-with-phone-call-music-control-sports-watch-for,Multifunctional Smart Watch,watch-band,Watches,Watches,Watch Bands & Straps,Watch Band,unisex,77,yes,single-evidence-lane | Trained knowledge model disagrees with checked-in taxonomy: smart-watch.,classification-review,yes,,,portable-gadgets,Electronics > Electronics Accessories > Wearable Technology
8051986530403,12-color-eyeliner-waterproof-quick-drying-oil-proof-and-non-smudging-long-lasting-eyeliner-eyeliner-set,Waterproof Quick Drying Oil Proof Non,eye-makeup,Beauty,Beauty & Skincare,Eye Makeup,Eye Makeup,unisex,73,yes,single-evidence-lane,classification-review,yes,,,eye-beauty-collection | beauty-makeup-essentials,Health & Beauty > Personal Care > Cosmetics > Eye Makeup
8051986464867,joocyee-four-color-eyeshadow-palette-matte-earthy-shimmer-glitter-daily-natural-light-eye-makeup,Shimmer Glitter Natural Light Eye Makeup,eye-makeup,Beauty,Beauty & Skincare,Eye Makeup,Eye Makeup,unisex,73,yes,single-evidence-lane,classification-review,yes,,,eye-beauty-collection | beauty-makeup-essentials,Health & Beauty > Personal Care > Cosmetics > Eye Makeup
8058370556003,hoegoa-hair-care-oils-keep-smoothing-deep-nourishing-repairing-damaged-oil-control-reducing-frizz-scalp-treatment-serum-50ml,Nourishing Repairing Damaged Oil Control Reducing,hair-care,Beauty,Beauty & Skincare,Hair Care,Hair Care,unisex,76,yes,single-evidence-lane,classification-review,yes,,,beauty-makeup-essentials,Health & Beauty > Personal Care > Hair Care
8094196662371,sports-shoes-mens-fashionable-and-trendy-non-slip-wear-resistant-casual-shoes-mens-walking-shoes,Sports Shoesmen S Fashionable And Trendy Non Slip Wear Resistant,shoes,Men,Men's Fashion,Shoes & Footwear,Shoes,men,73,yes,single-evidence-lane,classification-review,yes,,,,Apparel & Accessories > Shoes
8051857850467,345-relief-cream-moisturizing-blemishes-nourish-the-skin-and-provide-soothing-care-resulting-in-a-well-rounded-skincare-solution,Relief Cream Moisturizing Blemishes Nourish Skin,skincare,Beauty,Beauty & Skincare,Skincare,Skincare,unisex,73,yes,single-evidence-lane,classification-review,yes,,,beauty-makeup-essentials,Health & Beauty > Personal Care > Cosmetics > Skin Care
8076879134819,bubble-gun-machine-for-kids-automatic-bubbles-toys-summer-outdoor-playing-with-led-light-gifts-not-include-bubble-liquid,Machine Automatic Bubbles Toys Summer Outdoor,bubble-toys,Kids,Kids Toys & Games,Bubble Toys,Bubble Toy,kids,77,yes,single-evidence-lane,classification-review,yes,,,kids-toys-games,Toys & Games > Toys
8055599431779,business-formal-men-3-piece-suit-set-summer-slim-fit-groom-wedding-hosting-suit,Business Formal Piece Suit Summer Slim,suits,Men,Men's Fashion,Suits & Formalwear,Suit,men,76,yes,single-evidence-lane,classification-review,yes,,,men-collection,Apparel & Accessories > Clothing > Suits
8055598776419,burgundy-2-pieces-suits-for-men-slim-fit-custom-made-formal-business-suit-plus-size-trajes-de-hombre-blazer-pants,Burgundy Pieces Suits Slim Fit Custom,suits,Men,Men's Fashion,Suits & Formalwear,Suit,men,76,yes,single-evidence-lane,classification-review,yes,,,men-collection,Apparel & Accessories > Clothing > Suits
8094213996643,credit-card-led-newspaper-maps-small-prints-loupe-lens-reading-magnifiers-magnifier-sheet-magnifying-glass,Credit Card LED Newspaper Maps Small Prints Loupe Lens Reading,reading-accessories,Office & School Supplies,Office & School Supplies,Reading Accessories,Reading Accessory,unisex,75,yes,single-evidence-lane,classification-review,yes,,,,Office Supplies > General Office Supplies
8037094424675,s-butter-wheel-for-evenly-spread-butter-stainless-steel-melted-butter-dispenser-butter-roller-kitchen-gadgets-american,Dispenser Roller Kitchen,kitchen-gadgets,Home & Decor,Kitchen & Cookware,Kitchen Gadgets,Kitchen Gadget,unisex,76,yes,single-evidence-lane,classification-review,yes,,,kitchen-gadgets,Home & Garden > Kitchen & Dining > Kitchen Tools & Utensils
8051973455971,blush-pink-satin-mini-prom-dress-victorian-princess-puff-long-lace-sleeve-ruffle-frill-short-birthday-party-dress-customized,Blush Pink Satin Mini Prom,dresses,Fashion,Fashion,Dresses,Dress,unisex,73,yes,single-evidence-lane,classification-review,yes,,,,Apparel & Accessories > Clothing > Dresses
8052501086307,moroccan-argan-oil-lip-plumping-essence-moisturizing-and-nourishing-lip-balm-suitable-for-all-skin-types-berry-tone-natural-makeup-enhancer-containing-collagen-and-squalane,Moroccan Argan Oil Lip Plumping Essence,lip-care-makeup,Beauty,Beauty & Skincare,Lip Care & Makeup,Lip Product,unisex,77,yes,single-evidence-lane,classification-review,yes,,,lips-and-care | beauty-makeup-essentials,Health & Beauty > Personal Care > Cosmetics > Lip Makeup
8051873939555,womens-private-perfume-pomegranate-and-peach-fragrance-72-hour-deodorant-long-lasting-glycerin-moisturizing-body-lotion-non-greasy-formula-suitable-for-all-light-beige-skin-types,Formula Suitable All Light Beige Skin,body-lotions,Women,Women's Beauty & Skincare,Body Care,Body Lotion,women,77,yes,single-evidence-lane,classification-review,yes,,,womens-beauty-essentials | beauty-makeup-essentials,Health & Beauty > Personal Care > Cosmetics > Skin Care
8051867746403,makeup-kit-for-women-full-kit-long-wearing-makeup-product-set-8pcs-lipstick,Makeup Kit Full Long Wearing,lip-care-makeup,Women,Women's Beauty & Skincare,Lip Care & Makeup,Lip Product,women,73,yes,single-evidence-lane,classification-review,yes,,,lips-and-care | beauty-makeup-essentials,Health & Beauty > Personal Care > Cosmetics > Lip Makeup
8098809282659,newborn-baby-rompers-spring-autumn-warm-fleece-baby-boys-costume-baby-girls-clothing-animal-baby-pajamas-hooded-jumpsuits-0-1y,Newborn Baby Rompers Spring Autumn Warm Fleece Baby Boys Costume,kids-sleepwear,Kids,Kids Wear,Kids Sleepwear,Kids Sleepwear,kids,77,yes,single-evidence-lane,classification-review,yes,,,kids-wear,Apparel & Accessories > Clothing > Baby & Toddler Clothing
8047134638179,kojic-acid-body-whitening-soap-deep-skin-bleaching-brighten-body-scrub-knees-intimate-parts-armpits-white-nourishing-care-soap,Kojic Acid Body Whitening Soap Deep,body-care,Beauty,Beauty & Skincare,Body Care,Body Care,unisex,77,yes,single-evidence-lane,classification-review,yes,,,beauty-makeup-essentials,Health & Beauty > Personal Care > Cosmetics > Skin Care
8059448754275,moisturizing-and-soothing-aloe-gel-moisturizing-and-rejuvenating-aloe-gel,Moisturizing Soothing Aloe Gel Rejuvenating,aloe-vera-gels,Beauty,Beauty & Skincare,Skincare,Aloe Vera Gel,unisex,77,yes,single-evidence-lane,aloe-vera-gel | classification-review,yes,,,beauty-makeup-essentials,Health & Beauty > Personal Care > Cosmetics > Skin Care
8059449147491,deep-moisturizing-aftershave-spray-100ml-efficient-hydration-repair-soothe-beard-reduce-redness-swelling-non-greasy-soft,Deep Moisturizing Aftershave Spray 100ML Efficient,beard-grooming,Beauty,Beauty & Skincare,Grooming Tools,Beard Grooming Product,unisex,73,yes,single-evidence-lane,classification-review,yes,,,beauty-makeup-essentials,Health & Beauty > Personal Care > Shaving & Grooming
8068259872867,for-realme-buds-air-8-silicone-soft-case-protective-cover-for-realmi-buds-air-8-7-cute-lanyard-shockproof-case-protective-cover,Silicone Protective Case For Realme Buds Air 8,realme-earbuds-protective-cases,Electronic Accessories,Covers & Cases,Earbuds Cases,Earbuds Protective Case,unisex,77,yes,single-evidence-lane,classification-review,yes,,,covers-cases | portable-gadgets,"Electronics > Electronics Accessories > Cases, Covers & Skins"
8059448885347,엄지발가mens-health-cream-deep-hydration-nourishment-active-energy-moisturiser-for-health-fast-absorbing-massage-body-cream-for-men,Mens Health Cream Deep Hydration Nourishment,body-care,Men,Men's Beauty & Skincare,Body Care,Body Care,men,77,yes,single-evidence-lane,classification-review,yes,,,beauty-makeup-essentials,Health & Beauty > Personal Care > Cosmetics > Skin Care
8097505968227,glass-vase-nordic-home-decor-living-room-decoration-terrarium-flower-vase-plant-pots-decorative-home-accessories-decoration-gift,Glass Vase Nordic Home Decor Living Room Decoration Terrarium Flower,plant-pots,Home & Decor,Lighting & Decor,Planters & Garden Decor,Planter,unisex,77,yes,single-evidence-lane | Trained knowledge model disagrees with checked-in taxonomy: home-decor.,classification-review,yes,,,home-decor | garden-tools,Home & Garden > Lawn & Garden > Gardening > Planters
8068261740643,1pcs-new-key-power-board-keyboard-for-partybox100-partybox-100,Replacement Key Power Board For Jbl Partybox 100,keyboard,Electronic Accessories,Mouse & Keyboard,Keyboards,Keyboard,unisex,73,yes,single-evidence-lane,classification-review,yes,,,portable-gadgets,Electronics > Computers > Computer Accessories > Keyboards
8068262821987,diy-8-keys-electronic-piano-kit-musical-note-circuit-board-soldering-practice-assembly-diy-electronic-kit,8 Key Digital Keyboard And Electronic Piano,keyboard,Electronic Accessories,Mouse & Keyboard,Keyboards,Keyboard,unisex,73,yes,single-evidence-lane,classification-review,yes,,,portable-gadgets,Electronics > Computers > Computer Accessories > Keyboards
8068259971171,silicone-case-for-realme-buds-air-7-pro-wireless-earphones-protector-shockproof-protective-sleeve-shell-cover-housing-with-hook,Silicone Protective Case For Realme Buds Air 7 Pro,realme-earbuds-protective-cases,Electronic Accessories,Covers & Cases,Earbuds Cases,Earbuds Protective Case,unisex,77,yes,single-evidence-lane,classification-review,yes,,,covers-cases | portable-gadgets,"Electronics > Electronics Accessories > Cases, Covers & Skins"
8052520550499,thick-curly-eye-black-waterproof-non-smudging-slim-durable-and-makeup-free-eye-black-gold-color-mascara,Thick Curly Eye Black Waterproof Non,eye-makeup,Beauty,Beauty & Skincare,Eye Makeup,Eye Makeup,unisex,73,yes,single-evidence-lane,classification-review,yes,,,eye-beauty-collection | beauty-makeup-essentials,Health & Beauty > Personal Care > Cosmetics > Eye Makeup
8052510949475,6pcs-set-small-bottle-hydrating-jelly-lip-oil-long-lasting-moisturizing-smooth-shimmering-lip-hydrating-liquid,6pcs Small Bottle Hydrating Jelly Lip,lip-care-makeup,Beauty,Beauty & Skincare,Lip Care & Makeup,Lip Product,unisex,77,yes,single-evidence-lane,classification-review,yes,,,lips-and-care | beauty-makeup-essentials,Health & Beauty > Personal Care > Cosmetics > Lip Makeup
8066159149155,professional-sanitizer-spray-bottle-vintage-glass-with-nozzle-alcohol-disinfectant-dispenser-for-barber-salon-hair-styling-tool,Professional Sanitizer Spray Bottle Vintage Glass With Nozzle,hair-styling-tools,Beauty,Beauty & Skincare,Hair Care,Hair Styling Tool,unisex,76,yes,single-evidence-lane,classification-review,yes,,,beauty-makeup-essentials,Health & Beauty > Personal Care > Hair Care
8059441283171,lip-plumper-lip-volumizer-hydration-nourishing-plump-deep-moisture-smooth-non-sticky-fragrance-free-easy-to-apply-lip-care,Lip Plumper Volumizer Hydration Nourishing,fragrance,Beauty,Beauty & Skincare,Fragrance,Fragrance,unisex,72,yes,single-evidence-lane,classification-review,yes,,,beauty-makeup-essentials,Health & Beauty > Personal Care > Cosmetics > Perfume & Cologne
8059452096611,1-pair-joint-support-non-slip-knee-pads-breathable-knee-booster-pain-relief-for-knee-power-spring-force-stabilizer-leg-protect,Pair Joint Support Non Slip Knee,sports-protection,Sports & Fitness,Fitness Equipment,Sports Protection,Sports Protective Gear,unisex,75,yes,single-evidence-lane,classification-review,yes,,,,Sporting Goods > Athletics
8059444691043,lip-plumper-lip-volumizer-hydration-nourishing-plump-deep-moisture-smooth-non-sticky-fragrance-free-easy-to-apply-lip-care-1,Lip Plumper Volumizer Hydration Nourishing,fragrance,Beauty,Beauty & Skincare,Fragrance,Fragrance,unisex,72,yes,single-evidence-lane,classification-review,yes,,,beauty-makeup-essentials,Health & Beauty > Personal Care > Cosmetics > Perfume & Cologne
8076732629091,latest-model-acrylic-element-periodic-table-mendeleev-safe-periodic-table-figurine-display-science-ornament-room-decoration,Latest Model Acrylic Element Periodic Table Mendeleev Safe Periodic,periodic-table-desk-decor,Home & Decor,Lighting & Decor,Home Decor,Periodic Table Desk Decor,unisex,77,yes,single-evidence-lane,classification-review,yes,,,home-decor | decorative-accessories,Home & Garden > Decor
8058368393315,rosemary-hair-growth-oil-anti-frizz-dandruff-treatment-scalp-damaged-nourishing-anti-hair-loss-serum-pure-rosemary-essential-oil,Rosemary Oil Anti Frizz,essential-oils,Health & Wellness,Health & Wellness,Aromatherapy & Essential Oils,Essential Oil,unisex,77,yes,single-evidence-lane,classification-review,yes,,,health-wellness,Health & Beauty > Personal Care
8094233264227,womens-private-perfume-pomegranate-and-peach-fragrance-72-hour-deodorant-long-lasting-glycerin-moisturizing-body-lotion-non-greasy-formula-suitable-for-all-light-beige-skin-types-1,Formula Suitable All Light Beige Skin,body-lotions,Women,Women's Beauty & Skincare,Body Care,Body Lotion,women,77,yes,single-evidence-lane,classification-review,yes,,,womens-beauty-essentials | beauty-makeup-essentials,Health & Beauty > Personal Care > Cosmetics > Skin Care
8094183194723,european-and-american-street-mens-fashionable-3d-digital-pattern-printed-ink-splashed-and-tie-dyed-straight-leg-jeans,European American Street Mens 3d Digital,jeans,Men,Men's Fashion,Jeans,Jeans,men,73,yes,single-evidence-lane,classification-review,yes,,,men-collection,Apparel & Accessories > Clothing > Pants
8094231527523,checkbook-register-financial-ledger-accounting-book-currency-management-notebook-expense-tracker-filing-products-budgeting-tool,Checkbook Register Financial Ledger Accounting Book,budget-planners,Office & School Supplies,Office & School Supplies,Notebooks & Planners,Budget Planner,unisex,76,yes,single-evidence-lane,classification-review,yes,,,,Office Supplies > Notebooks & Notepads
8066146631779,cocktail-shaker-bar-set-2-weighted-boston-shakers-cocktail-strainer-set-jigger-muddler-and-spoon-ice-tong-and-2-bottle-pourer,Cocktail Shaker Bar Set 2 Weighted Boston Shakers Cocktail Strainer,kitchen-seasoning,Home & Decor,Kitchen & Cookware,Kitchen Gadgets,Seasoning & Dispenser Tool,unisex,94,yes,Trained knowledge model disagrees with checked-in taxonomy: cocktail-shakers.,classification-review,yes,,,kitchen-gadgets | dining-essentials,Home & Garden > Kitchen & Dining > Kitchen Tools & Utensils
8055560175715,men-fashion-keychain-holder-for-car-keys-business-brand-quality-keys-wallet-compact-key-smart-organizers,Keychain Holder Car Keys Business Brand,wallets,Men,Men's Bags & Wallets,Wallets & Card Holders,Wallet,men,73,yes,single-evidence-lane,classification-review,yes,,,,Luggage & Bags > Wallets & Money Clips
8094229397603,b4-bookkeeping-record-book-accounting-ledger-book-money-expense-trackers-notebook-for-stock-management-f19e,B4 Bookkeeping Record Book Accounting Ledger Book Money Expense,budget-planners,Office & School Supplies,Office & School Supplies,Notebooks & Planners,Budget Planner,unisex,76,yes,single-evidence-lane,classification-review,yes,,,,Office Supplies > Notebooks & Notepads
8059436204131,persimmon-body-wash-remove-dirt-sweat-eliminating-odor-oil-control-exfoliating-smoothing-softening-lasting-aroma-foam-shower-gel,Sweat Eliminating Odor Oil Control Exfoliating,body-care,Beauty,Beauty & Skincare,Body Care,Body Care,unisex,77,yes,single-evidence-lane,classification-review,yes,,,beauty-makeup-essentials,Health & Beauty > Personal Care > Cosmetics > Skin Care
8068255121507,battery-aroma-diffuser-coverage-300m-essential-oil-diffuser-scent-machine-bluetooth-control-air-purifier-use-battery-fragrance,Battery Powered Smart App Controlled Aroma Diffuser,essential-oils,Health & Wellness,Health & Wellness,Aromatherapy & Essential Oils,Essential Oil,unisex,77,yes,single-evidence-lane,classification-review,yes,,,health-wellness,Health & Beauty > Personal Care
8094195253347,unisex-automatic-retractable-roller-skates-womens-high-top-sports-shoes-with-wheels-dual-purpose-skating-sports-shoes,Unisex Automatic Retractable Roller Skates Women S High Top Sports,shoes,Women,Women's Fashion,Shoes & Footwear,Shoes,women,73,yes,single-evidence-lane,classification-review,yes,,,,Apparel & Accessories > Shoes
8100932092003,formsio-kids-scooter-suitcase-lazy-carry-on-rolling-luggage-box-sitting-trolley-bag-for-baby,Formsio Kids Scooter Suitcase Lazy Carry On Rolling Luggage Box,bags-general,Fashion,Bags & Wallets,Bags,Bag,kids,69,yes,single-evidence-lane,classification-review,yes,,,shopping-bags-jute-bags,Luggage & Bags
8097483489379,karrram-japanese-y2k-knitted-tops-grunge-aesthetics-flare-sleeve-t-shirts-vintage-harajuku-purple-knitwear-american-retro-2000s,Karrram Japanese Y2k Knitted Tops Grunge Aesthetics Flare Sleeve T,t-shirts,Fashion,Fashion,T-Shirts,T-Shirt,unisex,72,yes,single-evidence-lane,classification-review,yes,,,,Apparel & Accessories > Clothing > Shirts & Tops
8094196531299,sport-orthopedic-insoles-for-feet-men-women-eva-breathable-shock-absorption-shoes-insole-for-running-basketball-sport-care-pads,Sport Insoles For Feet Men Women Eva Breathable Shock Absorption,shoes,Men,Men's Fashion,Shoes & Footwear,Shoes,men,73,yes,single-evidence-lane,classification-review,yes,,,,Apparel & Accessories > Shoes
8066031681635,kid-sneakers-fashion-children-sport-shoes-for-boys-comfortable-shoe-casual-walking-student-outdoor-running-shoes-black-white,Kid Sneakers Fashion Children Sport Shoes For Boys Comfortable Shoe,kids-sports-footwear,Kids,Kids Wear,Kids Sports Footwear,Kids Sports Shoes,kids,92,yes,Trained knowledge model disagrees with checked-in taxonomy: shoes.,classification-review,yes,,,kids-wear,Apparel & Accessories > Shoes > Athletic Shoes
8065686896739,kid-sneakers-sport-shoes-for-boys-fashion-leather-children-breathable-mesh-comfort-shoes-casual-walking-outdoor-running-shoes,Kid Sneakers Sport Shoes For Boys Fashion Leather Children,kids-sports-footwear,Kids,Kids Wear,Kids Sports Footwear,Kids Sports Shoes,kids,92,yes,Trained knowledge model disagrees with checked-in taxonomy: shoes.,classification-review,yes,,,kids-wear,Apparel & Accessories > Shoes > Athletic Shoes
8098816622691,wholesale-recycling-cunas-baby-crib-best-new-born-infant-sleeper-foldable-kids-play-pen-cribs,Recycling Cunas Baby Crib Best New Born Infant Sleeper Foldable Kids,writing-supplies,Office & School Supplies,Office & School Supplies,Writing Supplies,Writing Supply,baby,72,yes,single-evidence-lane,classification-review,yes,,,,Office Supplies > Writing & Drawing Supplies
8076748652643,wooden-creative-calendar-easy-assembly-manual-rotating-perpetual-calendar-fireplace-indoor-sweet-home-decor-housewarming-gift,Wooden Creative Calendar Easy Assembly Manual,notebooks-planners,Office & School Supplies,Office & School Supplies,Notebooks & Planners,Notebook & Planner,unisex,86,yes,Trained knowledge model disagrees with checked-in taxonomy: home-decor.,classification-review,yes,,,,Office Supplies > Notebooks & Notepads
8060555067491,manscape-trimmer-for-men-dual-head-pubic-electric-razor-groin-ball-shaver-for-men-ipx7-waterproof-gifts-for-him-dad,Manscape Trimmer Dual Head Pubic Electric,grooming-tools,Men,Men's Beauty & Skincare,Grooming Tools,Grooming Tool,men,77,yes,single-evidence-lane,classification-review,yes,,,beauty-makeup-essentials,Health & Beauty > Personal Care > Shaving & Grooming
7744557809763,easy-limescale-eraser-stainless-steel-rust-remover-for-kitchen-bathroom,Rust Remover Kitchen Kitchen Accessories,bathroom-fixtures,Home & Decor,Home & Car Accessories,Bathroom Accessories,Bathroom Accessory,unisex,71,yes,single-evidence-lane,classification-review,yes,,,home-decor,Home & Garden > Bathroom Accessories
8055697309795,designer-belts-men-high-quality-genuine-leather-fashion-g-belt-men-luxury-brand-cowskin-casual-white-waist-strap-ceinture-homme,Casual White Waist Strap Ceinture Homme,belt,Men,Men's Accessories,Belts,Belt,men,73,yes,single-evidence-lane,classification-review,yes,,,,Apparel & Accessories > Clothing Accessories > Belts
8065690402915,kids-children-orthotics-insoles-for-flat-feet-arch-support-correction-foot-care-for-kid-orthopedic-insole-soles-shoes-inserts-1,Kids Children Orthotics Insoles For Flat Feet Arch Support,shoes,Kids,Kids Wear,Shoes & Footwear,Shoes,kids,73,yes,single-evidence-lane,classification-review,yes,,,,Apparel & Accessories > Shoes
8052547518563,kem-trang-body-bach-lien-body-lotion-gentle-skin-radiance-boost-deep-moisture-long-lasting-hydration-200g-bottle,Lasting Hydration 200g Bottle,body-lotions,Beauty,Beauty & Skincare,Body Care,Body Lotion,unisex,77,yes,single-evidence-lane,classification-review,yes,,,beauty-makeup-essentials,Health & Beauty > Personal Care > Cosmetics > Skin Care
8097467859043,custom-logo-fashion-vest-apron-waterproof-nylon-plain-quick-drying-cobbler-barista-aprons-waiters-shirts-barber-coat-printing,Custom Logo Vest Apron Waterproof Nylon,t-shirts,Fashion,Fashion,T-Shirts,T-Shirt,unisex,72,yes,single-evidence-lane,classification-review,yes,,,,Apparel & Accessories > Clothing > Shirts & Tops
8068254302307,bluetooth-250ml-fragrance-scent-air-machine-smart-app-control-essential-oil-aroma-diffuser-for-home-hotel-12v,250ML Smart App Controlled Aroma Diffuser,home-aroma-diffusers,Home & Decor,Home & Car Accessories,Home Air Appliances,Home Aroma Diffuser,unisex,77,yes,single-evidence-lane,classification-review,yes,,,home-decor,Home & Garden > Household Appliances
8058378551395,purc-heat-protectant-spray-coconut-oil-frizz-control-shine-for-all-hair-types-thermal-protection-up-to-470-f-hair-care,Protectant Spray Coconut Oil Frizz Control,hair-care,Beauty,Beauty & Skincare,Hair Care,Hair Care,unisex,76,yes,single-evidence-lane,classification-review,yes,,,beauty-makeup-essentials,Health & Beauty > Personal Care > Hair Care
8052545781859,body-tay-1hu-3-in-1-white-body-lotion-moisturizing-brightening-firming-improves-skin-nghe-da-biet-la-trang-the-nao-roi-a,Body Tay 1hu White Lotion,body-lotions,Beauty,Beauty & Skincare,Body Care,Body Lotion,unisex,77,yes,single-evidence-lane,classification-review,yes,,,beauty-makeup-essentials,Health & Beauty > Personal Care > Cosmetics > Skin Care
8076883558499,‌personalized-waterproof-stickers-custom-name-tags-for-school-supplies-water-bottles-kids-crafts-durable-multilingual‌,Personalized Waterproof Stickers Custom Name Tags,water-bottles,Home & Decor,Kitchen & Cookware,Drinkware,Water Bottle,kids,75,yes,single-evidence-lane,classification-review,yes,,,dining-essentials,Home & Garden > Kitchen & Dining > Kitchen Appliances > Water Bottles
8076882772067,500ml-children-portable-stainless-steel-straw-bottles-sports-water-bottle-for-kids-outdoor-cycling-camping-bicycle-bike-kettle,500ML Children Portable Stainless Steel Straw Bottles Sports Water,water-bottles,Home & Decor,Kitchen & Cookware,Drinkware,Water Bottle,kids,75,yes,single-evidence-lane,classification-review,yes,,,dining-essentials,Home & Garden > Kitchen & Dining > Kitchen Appliances > Water Bottles
8065687257187,kids-orthotics-insoles-correction-care-tool-for-kid-flat-foot-arch-support-orthopedic-children-insole-soles-sport-shoes-pads,Kids Orthotics Insoles Correction Care Tool For Kid Flat Foot Arch,shoes,Kids,Kids Wear,Shoes & Footwear,Shoes,kids,73,yes,single-evidence-lane,classification-review,yes,,,,Apparel & Accessories > Shoes
8066118811747,kids-pretend-play-toys-popular-kids-kitchen-toys-realistic-wooden-tea-set-party-toy-set-childrens-simulation-tea-set-gifts-1,Kids Pretend Play Toys Popular Kids Kitchen Toys Realistic Wooden,serveware,Home & Decor,Kitchen & Cookware,Dining & Serveware,Serveware,kids,77,yes,single-evidence-lane,classification-review,yes,,,dining-essentials,Home & Garden > Kitchen & Dining > Tableware
8066118320227,kids-pretend-play-toys-popular-kids-kitchen-toys-realistic-wooden-tea-set-party-toy-set-childrens-simulation-tea-set-gifts,Kids Pretend Play Toys Popular Kids Kitchen Toys Realistic Wooden,serveware,Home & Decor,Kitchen & Cookware,Dining & Serveware,Serveware,kids,77,yes,single-evidence-lane,classification-review,yes,,,dining-essentials,Home & Garden > Kitchen & Dining > Tableware
8094229889123,cute-plaid-snacks-printed-cotton-fabric-patchwork-doll-skirt-handmade-tablecloth-hand-account-book-clothes-pillow-children,Fabric Patchwork Doll Skirt Handmade Tablecloth,table-linens,Home & Decor,"Bedsheets, Handlooms & Towels",Table Linens,Table Linen,kids,87,yes,Trained knowledge model disagrees with checked-in taxonomy: printed-craft-fabric.,classification-review,yes,,,bedsheets-handlooms-towels | dining-essentials,Home & Garden > Linens & Bedding > Table Linens
8065638531171,kids-girls-clothes-girls-fall-boutique-sets-top-sequined-elementary-student-clothes-skirts-princess-2025-elegant-suits-3-8-t,Kids Girls Clothes Girls Fall Boutique Sets Top Sequined Elementary,skirts,Kids,Kids Wear,Skirts,Skirt,kids,72,yes,single-evidence-lane,classification-review,yes,,,,Apparel & Accessories > Clothing > Skirts
8100932288611,dresses-for-women-2026-autumn-winter-maxi-long-sleeve-vestidos-largos-feminino-robe-boho-casual-floral-loose-cotton-linen,Winter Maxi Long Sleeve Vestidos Largos,dresses,Women,Women's Fashion,Dresses,Dress,women,73,yes,single-evidence-lane,classification-review,yes,,,,Apparel & Accessories > Clothing > Dresses
8100932845667,luxury-design-16-18inch-with-handbag-women-rolling-luggage-small-cabin-carry-on-retro-ladies-trolley-suitcase-travel-bag,Design 16 18inch With Handbag Women Rolling Luggage Small Cabin,travel-bags,Camping & Travel Essentials,Travel Essentials,Travel Bags & Luggage,Travel Bag,women,77,yes,single-evidence-lane,classification-review,yes,,,travel-organizers,Luggage & Bags > Luggage
8094191583331,suit-bootcut-trousers2026-rhigh-waisted-slimming-drapey-flared-trousers-casual-straight-leg-floor-length-horse-shoe-trousers,Suit Bootcut Trousers2026 Rhigh Waisted,shoes,Fashion,Fashion,Shoes & Footwear,Shoes,unisex,73,yes,single-evidence-lane,classification-review,yes,,,,Apparel & Accessories > Shoes
8076877168739,kids-anti-sip-valve-straw-bottle-lid-detachable-calibers-2-8cm-3-5cm-for-beverages-drinking-water-bottles-cc11,Kids Anti Sip Valve Straw Bottle Lid Detachable Calibers 2 8cm 3 5cm,water-bottles,Home & Decor,Kitchen & Cookware,Drinkware,Water Bottle,kids,75,yes,single-evidence-lane,classification-review,yes,,,dining-essentials,Home & Garden > Kitchen & Dining > Kitchen Appliances > Water Bottles
8055365894243,summer-mens-ripped-denim-vest-male-tank-top-washed-jeans-waistcoat-man-retro-cowboy-hip-hop-white-sleeveless-jacket,Summer Mens Ripped Denim Vest Male,jeans,Men,Men's Fashion,Jeans,Jeans,men,73,yes,single-evidence-lane,classification-review,yes,,,men-collection,Apparel & Accessories > Clothing > Pants
8066177728611,2pcs-seasoning-shaker-glass-bottles-spices-storage-barbecue-condiment-jar-salt-pepper-boxes-for-kitchen-gadget-tools-organizer-1,2pcs Seasoning Shaker Glass Bottles Spices Storage Barbecue,kitchen-gadgets,Home & Decor,Kitchen & Cookware,Kitchen Gadgets,Kitchen Gadget,unisex,76,yes,single-evidence-lane,classification-review,yes,,,kitchen-gadgets,Home & Garden > Kitchen & Dining > Kitchen Tools & Utensils
8097474805859,2025-new-tshirt-v-neck-buckle-thin-soft-cotton-linen-vintage-summer-t-shirts-loose-cozy-tops-print-floral-women-casual-t-shirt,Floral Casual T Shirt,womens-blouses,Women,Women's Fashion,Shirts & Blouses,Women's Blouse,women,92,yes,Trained knowledge model disagrees with checked-in taxonomy: t-shirts.,classification-review,yes,,,,Apparel & Accessories > Clothing > Shirts & Tops
8066157576291,2-in-1-500ml-oil-sprayer-pourer-plastic-spray-bottle-kitchen-gadget-sets-2-1pc-oil-sprayer-spray-for-accessories-camping-bbq,500ML Oil Sprayer Pourer Plastic Spray,kitchen-gadgets,Home & Decor,Kitchen & Cookware,Kitchen Gadgets,Kitchen Gadget,unisex,76,yes,single-evidence-lane,classification-review,yes,,,kitchen-gadgets,Home & Garden > Kitchen & Dining > Kitchen Tools & Utensils
8066156298339,5-in-1-bbq-spice-bottle-plastic-salt-can-pepper-shaker-transparent-with-lids-barbecue-outdoor-camping-picnic-seasoning-box,Bbq Spice Bottle Plastic Salt Can,kitchen-seasoning,Home & Decor,Kitchen & Cookware,Kitchen Gadgets,Seasoning & Dispenser Tool,unisex,75,yes,single-evidence-lane,classification-review,yes,,,kitchen-gadgets | dining-essentials,Home & Garden > Kitchen & Dining > Kitchen Tools & Utensils
8066155249763,newest-air-pressure-pump-wine-bottle-opener-portable-stainless-steel-pin-easy-cork-remover-corkscrew-for-home-party-wine-lovers,Newest Air Pressure Pump Wine Bottle Opener Portable Stainless Steel,kitchen-seasoning,Home & Decor,Kitchen & Cookware,Kitchen Gadgets,Seasoning & Dispenser Tool,unisex,71,yes,single-evidence-lane,classification-review,yes,,,kitchen-gadgets | dining-essentials,Home & Garden > Kitchen & Dining > Kitchen Tools & Utensils
8066152366179,new-home-apartment-decoration-dish-soap-dispenser-bottle-reusable-hand-press-liquid-refill-bottle-kitchen-bathroom-soap-bottle,New Home Apartment Decoration Dish Soap Dispenser Bottle Reusable,bathroom-fixtures,Home & Decor,Home & Car Accessories,Bathroom Accessories,Bathroom Accessory,unisex,71,yes,single-evidence-lane,classification-review,yes,,,home-decor,Home & Garden > Bathroom Accessories
8066150105187,2-4pcs-portable-seasoning-squeeze-bottles-kitchen-ketchup-salad-sauce-olive-oil-dispenser-container-picnic-bbq-cooking-gadgets,2 4pcs Portable Seasoning Squeeze Bottles Kitchen Ketchup Salad,kitchen-seasoning,Home & Decor,Kitchen & Cookware,Kitchen Gadgets,Seasoning & Dispenser Tool,unisex,75,yes,single-evidence-lane,classification-review,yes,,,kitchen-gadgets | dining-essentials,Home & Garden > Kitchen & Dining > Kitchen Tools & Utensils
8066147876963,hot-portable-lemon-juice-bottle-sports-breakproof-bicycle-bottles-stylish-space-high-capacity-drinkware-600-1000ml-water-bottle,Hot Portable Lemon Juice Bottle Sports Breakproof Bicycle Bottles,water-bottles,Home & Decor,Kitchen & Cookware,Drinkware,Water Bottle,unisex,75,yes,single-evidence-lane,classification-review,yes,,,dining-essentials,Home & Garden > Kitchen & Dining > Kitchen Appliances > Water Bottles
8094226186339,banknote-page-loose-leaf-replacement-core-large-capacity-banknote-collectors-book-inside-small-card-collection-collectors-book-1,Banknote Page Loose Leaf Replacement Core Large Capacity Banknote,books-learning,Office & School Supplies,Office & School Supplies,Books & Learning,Book,unisex,72,yes,single-evidence-lane,classification-review,yes,,,,Media > Books
8094233034851,50ml-best-selling-parfum-oil-for-women-floral-fresh-natural-long-lasting-essential-oil-body-spray-brand-original-high-quality-1,50ML Parfum Oil For Women Floral Fresh Natural Long Lasting,essential-oils,Health & Wellness,Health & Wellness,Aromatherapy & Essential Oils,Essential Oil,women,77,yes,single-evidence-lane,classification-review,yes,,,health-wellness,Health & Beauty > Personal Care
8058383106147,yuitikue-batana-oil-hair-essential-oil-with-rosemary-collagen-biotin-vitamin-e-for-deep-moisturizing-100ml,Yuitikue Batana Oil Hair Essential Rosemary,essential-oils,Health & Wellness,Health & Wellness,Aromatherapy & Essential Oils,Essential Oil,unisex,77,yes,single-evidence-lane,classification-review,yes,,,health-wellness,Health & Beauty > Personal Care
8055704158307,knee-pads-work-safety-knee-protectors-for-outdoor-garden-workers-builder-durable-comfortable-knee-protector-pad-1-pair,Durable Comfortable Knee Protector Pad Pair,sports-protection,Sports & Fitness,Fitness Equipment,Sports Protection,Sports Protective Gear,unisex,75,yes,single-evidence-lane,classification-review,yes,,,,Sporting Goods > Athletics
8066161705059,multi-functional-capper-twister-portable-bottle-opener-jar-opener-non-slip-labor-saving-twist-bottle-cap-kitchen-gadget-beverage,Capper Twister Portable Bottle Opener Jar,kitchen-gadgets,Home & Decor,Kitchen & Cookware,Kitchen Gadgets,Kitchen Gadget,unisex,76,yes,single-evidence-lane,classification-review,yes,,,kitchen-gadgets,Home & Garden > Kitchen & Dining > Kitchen Tools & Utensils
8066146304099,500ml-salad-dressing-bottle-leak-free-bpa-free-hand-shaking-spiral-stirring-cup-green-salad-dressing-shaker-container-kitchen,500ML Salad Dressing Bottle Leak Free Bpa Free Hand Shaking Spiral,kitchen-seasoning,Home & Decor,Kitchen & Cookware,Kitchen Gadgets,Seasoning & Dispenser Tool,unisex,75,yes,single-evidence-lane,classification-review,yes,,,kitchen-gadgets | dining-essentials,Home & Garden > Kitchen & Dining > Kitchen Tools & Utensils
8066151022691,funnel-for-protein-powder-protein-powder-shaker-funnel-100ml-multipurpose-supplement-dispenser-for-men-women-traveler-camping,Funnel Protein Powder Shaker,camping-gear,Camping & Travel Essentials,Camping Essentials,Camping Gear,Camping Gear,men,71,yes,single-evidence-lane,classification-review,yes,,,camping-gear | travel-outdoor,Sporting Goods > Outdoor Recreation > Camping & Hiking
8066096136291,30-household-skills-every-kid-should-know-practical-life-skills-book-for-kids-and-tweens-cleaning-laundry-kitchen-basics,Tweens Cleaning Laundry Kitchen Basics,books-learning,Office & School Supplies,Office & School Supplies,Books & Learning,Book,kids,72,yes,single-evidence-lane,classification-review,yes,,,,Media > Books
8076873367651,5pcs-dollhouse-miniature-japanese-style-juice-bottle-drink-bottle-model-kitchen-accessories-for-doll-house-decor-kids-toys-gift,Miniature Japanese Juice Bottle Drink Model,dollhouse-miniatures,Kids,Kids Toys & Games,Dollhouse Miniatures,Dollhouse Miniature,kids,77,yes,single-evidence-lane,classification-review,yes,,,kids-toys-games,Toys & Games > Toys
8076879691875,dollhouse-miniature-sparkling-water-drink-bottles-pretend-play-kitchen-game-party-toys,Dollhouse Miniature Sparkling Water Drink Bottles Pretend Play,baby-bath-toy,Kids,Kids Toys & Games,Bath Toys,Bath Toy,unisex,92,yes,Trained knowledge model disagrees with checked-in taxonomy: dollhouse-miniatures.,classification-review,yes,,,kids-toys-games,Toys & Games > Toys > Bath Toys
8098805088355,b78b-large-baby-shower-box-for-newborn-necessities-portable-mummy-bag-for-baby-products-and-large-capacity-diaper-bag,B78b Large Baby Shower Box For Newborn Necessities Portable Mummy,baby-diaper-bags-organizers,Kids,Baby Care,Diaper Bags & Organizers,Diaper Bag & Organizer,baby,77,yes,single-evidence-lane,classification-review,yes,,,kids,Baby & Toddler > Diapering > Diaper Bags
8071267483747,banknote-page-loose-leaf-replacement-core-large-capacity-banknote-collectors-book-inside-small-card-collection-collectors-book,Banknote Page Loose Leaf Replacement Core Large Capacity Banknote,books-learning,Office & School Supplies,Office & School Supplies,Books & Learning,Book,unisex,72,yes,single-evidence-lane,classification-review,yes,,,,Media > Books
8076764053603,20pcs-mixed-cute-beaded-ballpoint-pens-stationery-pens-for-writing-beadable-pens-school-office-supplies-japanese-stationery,20pcs Mixed Cute Beaded Ballpoint Pens Stationery Pens For Writing,beadable-pens,Office & School Supplies,Office & School Supplies,Writing Supplies,Beadable Pen,unisex,77,yes,single-evidence-lane,classification-review,yes,,,,Office Supplies > Writing & Drawing Supplies
8036974100579,b89b-electric-pepper-and-salt-grinder-set-rechargeable-via-for-usb-automatic-adjustable-gravity-mill-80ml-capacity,Automatic 80ML Industrial Machine For Mixing And Filling Tasks,electric-spice-grinders,Home & Decor,Kitchen & Cookware,Kitchen Gadgets,Electric Spice Grinder,unisex,77,yes,single-evidence-lane,classification-review,yes,,,kitchen-gadgets | dining-essentials,Home & Garden > Kitchen & Dining > Kitchen Tools & Utensils
